Year,Month,Value,Cumulative_Anomaly,Monthly_Avg
1850,1,-0.46,-0.46,0.04862857142857142
1851,1,-0.17,-0.17,0.04862857142857142
1852,1,-0.02,-0.02,0.04862857142857142
1853,1,-0.12,-0.12,0.04862857142857142
1854,1,-0.28,-0.28,0.04862857142857142
1855,1,-0.08,-0.08,0.04862857142857142
1856,1,0.18,0.18,0.04862857142857142
1857,1,-0.15,-0.15,0.04862857142857142
1858,1,-0.14,-0.14,0.04862857142857142
1859,1,-0.16,-0.16,0.04862857142857142
1860,1,-0.14,-0.14,0.04862857142857142
1861,1,-0.63,-0.63,0.04862857142857142
1862,1,-0.45,-0.45,0.04862857142857142
1863,1,-0.14,-0.14,0.04862857142857142
1864,1,-0.34,-0.34,0.04862857142857142
1865,1,0.14,0.14,0.04862857142857142
1866,1,0.01,0.01,0.04862857142857142
1867,1,-0.17,-0.17,0.04862857142857142
1868,1,-0.38,-0.38,0.04862857142857142
1869,1,0.04,0.04,0.04862857142857142
1870,1,-0.15,-0.15,0.04862857142857142
1871,1,-0.35,-0.35,0.04862857142857142
1872,1,-0.27,-0.27,0.04862857142857142
1873,1,-0.21,-0.21,0.04862857142857142
1874,1,-0.21,-0.21,0.04862857142857142
1875,1,-0.13,-0.13,0.04862857142857142
1876,1,-0.23,-0.23,0.04862857142857142
1877,1,-0.1,-0.1,0.04862857142857142
1878,1,0.14,0.14,0.04862857142857142
1879,1,-0.05,-0.05,0.04862857142857142
1880,1,-0.31,-0.31,0.04862857142857142
1881,1,-0.11,-0.11,0.04862857142857142
1882,1,0.1,0.1,0.04862857142857142
1883,1,-0.19,-0.19,0.04862857142857142
1884,1,-0.22,-0.22,0.04862857142857142
1885,1,-0.41,-0.41,0.04862857142857142
1886,1,-0.3,-0.3,0.04862857142857142
1887,1,-0.64,-0.64,0.04862857142857142
1888,1,-0.15,-0.15,0.04862857142857142
1889,1,0.06,0.06,0.04862857142857142
1890,1,-0.34,-0.34,0.04862857142857142
1891,1,-0.28,-0.28,0.04862857142857142
1892,1,-0.19,-0.19,0.04862857142857142
1893,1,-0.55,-0.55,0.04862857142857142
1894,1,-0.54,-0.54,0.04862857142857142
1895,1,-0.33,-0.33,0.04862857142857142
1896,1,-0.17,-0.17,0.04862857142857142
1897,1,-0.09,-0.09,0.04862857142857142
1898,1,-0.22,-0.22,0.04862857142857142
1899,1,-0.3,-0.3,0.04862857142857142
1900,1,-0.27,-0.27,0.04862857142857142
1901,1,-0.2,-0.2,0.04862857142857142
1902,1,-0.17,-0.17,0.04862857142857142
1903,1,-0.21,-0.21,0.04862857142857142
1904,1,-0.6,-0.6,0.04862857142857142
1905,1,-0.3,-0.3,0.04862857142857142
1906,1,-0.3,-0.3,0.04862857142857142
1907,1,-0.3,-0.3,0.04862857142857142
1908,1,-0.47,-0.47,0.04862857142857142
1909,1,-0.67,-0.67,0.04862857142857142
1910,1,-0.35,-0.35,0.04862857142857142
1911,1,-0.56,-0.56,0.04862857142857142
1912,1,-0.29,-0.29,0.04862857142857142
1913,1,-0.36,-0.36,0.04862857142857142
1914,1,-0.07,-0.07,0.04862857142857142
1915,1,-0.15,-0.15,0.04862857142857142
1916,1,-0.13,-0.13,0.04862857142857142
1917,1,-0.53,-0.53,0.04862857142857142
1918,1,-0.49,-0.49,0.04862857142857142
1919,1,-0.06,-0.06,0.04862857142857142
1920,1,-0.17,-0.17,0.04862857142857142
1921,1,-0.11,-0.11,0.04862857142857142
1922,1,-0.19,-0.19,0.04862857142857142
1923,1,-0.29,-0.29,0.04862857142857142
1924,1,-0.17,-0.17,0.04862857142857142
1925,1,-0.42,-0.42,0.04862857142857142
1926,1,0.16,0.16,0.04862857142857142
1927,1,-0.26,-0.26,0.04862857142857142
1928,1,-0.08,-0.08,0.04862857142857142
1929,1,-0.35,-0.35,0.04862857142857142
1930,1,-0.32,-0.32,0.04862857142857142
1931,1,-0.02,-0.02,0.04862857142857142
1932,1,0.13,0.13,0.04862857142857142
1933,1,-0.16,-0.16,0.04862857142857142
1934,1,-0.26,-0.26,0.04862857142857142
1935,1,-0.29,-0.29,0.04862857142857142
1936,1,-0.29,-0.29,0.04862857142857142
1937,1,-0.06,-0.06,0.04862857142857142
1938,1,0.04,0.04,0.04862857142857142
1939,1,-0.06,-0.06,0.04862857142857142
1940,1,0.14,0.14,0.04862857142857142
1941,1,0.19,0.19,0.04862857142857142
1942,1,0.31,0.31,0.04862857142857142
1943,1,0.0,0.0,0.04862857142857142
1944,1,0.32,0.32,0.04862857142857142
1945,1,0.21,0.21,0.04862857142857142
1946,1,0.19,0.19,0.04862857142857142
1947,1,0.01,0.01,0.04862857142857142
1948,1,0.01,0.01,0.04862857142857142
1949,1,0.09,0.09,0.04862857142857142
1950,1,-0.2,-0.2,0.04862857142857142
1951,1,-0.32,-0.32,0.04862857142857142
1952,1,0.15,0.15,0.04862857142857142
1953,1,0.09,0.09,0.04862857142857142
1954,1,-0.17,-0.17,0.04862857142857142
1955,1,0.13,0.13,0.04862857142857142
1956,1,-0.08,-0.08,0.04862857142857142
1957,1,-0.04,-0.04,0.04862857142857142
1958,1,0.36,0.36,0.04862857142857142
1959,1,0.12,0.12,0.04862857142857142
1960,1,0.04,0.04,0.04862857142857142
1961,1,0.11,0.11,0.04862857142857142
1962,1,0.06,0.06,0.04862857142857142
1963,1,0.02,0.02,0.04862857142857142
1964,1,-0.05,-0.05,0.04862857142857142
1965,1,-0.07,-0.07,0.04862857142857142
1966,1,-0.15,-0.15,0.04862857142857142
1967,1,-0.09,-0.09,0.04862857142857142
1968,1,-0.21,-0.21,0.04862857142857142
1969,1,-0.06,-0.06,0.04862857142857142
1970,1,0.17,0.17,0.04862857142857142
1971,1,-0.04,-0.04,0.04862857142857142
1972,1,-0.19,-0.19,0.04862857142857142
1973,1,0.31,0.31,0.04862857142857142
1974,1,-0.08,-0.08,0.04862857142857142
1975,1,0.05,0.05,0.04862857142857142
1976,1,-0.02,-0.02,0.04862857142857142
1977,1,0.25,0.25,0.04862857142857142
1978,1,0.12,0.12,0.04862857142857142
1979,1,0.16,0.16,0.04862857142857142
1980,1,0.37,0.37,0.04862857142857142
1981,1,0.52,0.52,0.04862857142857142
1982,1,0.1,0.1,0.04862857142857142
1983,1,0.49,0.49,0.04862857142857142
1984,1,0.3,0.3,0.04862857142857142
1985,1,0.28,0.28,0.04862857142857142
1986,1,0.28,0.28,0.04862857142857142
1987,1,0.34,0.34,0.04862857142857142
1988,1,0.55,0.55,0.04862857142857142
1989,1,0.1,0.1,0.04862857142857142
1990,1,0.38,0.38,0.04862857142857142
1991,1,0.4,0.4,0.04862857142857142
1992,1,0.44,0.44,0.04862857142857142
1993,1,0.33,0.33,0.04862857142857142
1994,1,0.23,0.23,0.04862857142857142
1995,1,0.55,0.55,0.04862857142857142
1996,1,0.28,0.28,0.04862857142857142
1997,1,0.27,0.27,0.04862857142857142
1998,1,0.59,0.59,0.04862857142857142
1999,1,0.47,0.47,0.04862857142857142
2000,1,0.32,0.32,0.04862857142857142
2001,1,0.45,0.45,0.04862857142857142
2002,1,0.68,0.68,0.04862857142857142
2003,1,0.72,0.72,0.04862857142857142
2004,1,0.62,0.62,0.04862857142857142
2005,1,0.76,0.76,0.04862857142857142
2006,1,0.6,0.6,0.04862857142857142
2007,1,0.92,0.92,0.04862857142857142
2008,1,0.28,0.28,0.04862857142857142
2009,1,0.67,0.67,0.04862857142857142
2010,1,0.77,0.77,0.04862857142857142
2011,1,0.56,0.56,0.04862857142857142
2012,1,0.51,0.51,0.04862857142857142
2013,1,0.69,0.69,0.04862857142857142
2014,1,0.75,0.75,0.04862857142857142
2015,1,0.83,0.83,0.04862857142857142
2016,1,1.21,1.21,0.04862857142857142
2017,1,1.05,1.05,0.04862857142857142
2018,1,0.84,0.84,0.04862857142857142
2019,1,0.92,0.92,0.04862857142857142
2020,1,1.16,1.16,0.04862857142857142
2021,1,0.84,0.84,0.04862857142857142
2022,1,0.92,0.92,0.04862857142857142
2023,1,0.89,0.89,0.04862857142857142
2024,1,1.29,1.29,0.04862857142857142
1850,2,-0.33,-0.79,0.04491428571428564
1851,2,-0.12,-0.29000000000000004,0.04491428571428564
1852,2,-0.13,-0.15,0.04491428571428564
1853,2,-0.19,-0.31,0.04491428571428564
1854,2,-0.23,-0.51,0.04491428571428564
1855,2,-0.08,-0.16,0.04491428571428564
1856,2,0.08,0.26,0.04491428571428564
1857,2,-0.25,-0.4,0.04491428571428564
1858,2,-0.18,-0.32,0.04491428571428564
1859,2,-0.11,-0.27,0.04491428571428564
1860,2,-0.17,-0.31000000000000005,0.04491428571428564
1861,2,-0.58,-1.21,0.04491428571428564
1862,2,-0.47,-0.9199999999999999,0.04491428571428564
1863,2,-0.2,-0.34,0.04491428571428564
1864,2,-0.3,-0.64,0.04491428571428564
1865,2,-0.05,0.09000000000000001,0.04491428571428564
1866,2,0.01,0.02,0.04491428571428564
1867,2,-0.24,-0.41000000000000003,0.04491428571428564
1868,2,-0.31,-0.69,0.04491428571428564
1869,2,0.08,0.12,0.04491428571428564
1870,2,-0.21,-0.36,0.04491428571428564
1871,2,-0.34,-0.69,0.04491428571428564
1872,2,-0.27,-0.54,0.04491428571428564
1873,2,-0.21,-0.42,0.04491428571428564
1874,2,-0.21,-0.42,0.04491428571428564
1875,2,-0.17,-0.30000000000000004,0.04491428571428564
1876,2,-0.32,-0.55,0.04491428571428564
1877,2,-0.08,-0.18,0.04491428571428564
1878,2,0.18,0.32,0.04491428571428564
1879,2,-0.09,-0.14,0.04491428571428564
1880,2,-0.35,-0.6599999999999999,0.04491428571428564
1881,2,-0.12,-0.22999999999999998,0.04491428571428564
1882,2,0.0,0.1,0.04491428571428564
1883,2,-0.26,-0.45,0.04491428571428564
1884,2,-0.18,-0.4,0.04491428571428564
1885,2,-0.34,-0.75,0.04491428571428564
1886,2,-0.33,-0.63,0.04491428571428564
1887,2,-0.55,-1.19,0.04491428571428564
1888,2,-0.21,-0.36,0.04491428571428564
1889,2,0.15,0.21,0.04491428571428564
1890,2,-0.35,-0.69,0.04491428571428564
1891,2,-0.4,-0.68,0.04491428571428564
1892,2,-0.14,-0.33,0.04491428571428564
1893,2,-0.51,-1.06,0.04491428571428564
1894,2,-0.5,-1.04,0.04491428571428564
1895,2,-0.34,-0.67,0.04491428571428564
1896,2,-0.17,-0.34,0.04491428571428564
1897,2,-0.15,-0.24,0.04491428571428564
1898,2,-0.26,-0.48,0.04491428571428564
1899,2,-0.32,-0.62,0.04491428571428564
1900,2,-0.11,-0.38,0.04491428571428564
1901,2,-0.15,-0.35,0.04491428571428564
1902,2,-0.11,-0.28,0.04491428571428564
1903,2,-0.21,-0.42,0.04491428571428564
1904,2,-0.56,-1.1600000000000001,0.04491428571428564
1905,2,-0.4,-0.7,0.04491428571428564
1906,2,-0.26,-0.56,0.04491428571428564
1907,2,-0.39,-0.69,0.04491428571428564
1908,2,-0.36,-0.83,0.04491428571428564
1909,2,-0.54,-1.21,0.04491428571428564
1910,2,-0.38,-0.73,0.04491428571428564
1911,2,-0.57,-1.13,0.04491428571428564
1912,2,-0.24,-0.53,0.04491428571428564
1913,2,-0.37,-0.73,0.04491428571428564
1914,2,-0.09,-0.16,0.04491428571428564
1915,2,-0.09,-0.24,0.04491428571428564
1916,2,-0.14,-0.27,0.04491428571428564
1917,2,-0.58,-1.1099999999999999,0.04491428571428564
1918,2,-0.47,-0.96,0.04491428571428564
1919,2,-0.15,-0.21,0.04491428571428564
1920,2,-0.18,-0.35,0.04491428571428564
1921,2,-0.18,-0.29,0.04491428571428564
1922,2,-0.3,-0.49,0.04491428571428564
1923,2,-0.31,-0.6,0.04491428571428564
1924,2,-0.17,-0.34,0.04491428571428564
1925,2,-0.39,-0.81,0.04491428571428564
1926,2,0.1,0.26,0.04491428571428564
1927,2,-0.21,-0.47,0.04491428571428564
1928,2,-0.1,-0.18,0.04491428571428564
1929,2,-0.39,-0.74,0.04491428571428564
1930,2,-0.28,-0.6000000000000001,0.04491428571428564
1931,2,-0.1,-0.12000000000000001,0.04491428571428564
1932,2,-0.04,0.09,0.04491428571428564
1933,2,-0.22,-0.38,0.04491428571428564
1934,2,-0.17,-0.43000000000000005,0.04491428571428564
1935,2,-0.09,-0.38,0.04491428571428564
1936,2,-0.28,-0.5700000000000001,0.04491428571428564
1937,2,-0.03,-0.09,0.04491428571428564
1938,2,0.04,0.08,0.04491428571428564
1939,2,-0.06,-0.12,0.04491428571428564
1940,2,0.13,0.27,0.04491428571428564
1941,2,0.26,0.45,0.04491428571428564
1942,2,0.16,0.47,0.04491428571428564
1943,2,0.04,0.04,0.04491428571428564
1944,2,0.3,0.62,0.04491428571428564
1945,2,0.14,0.35,0.04491428571428564
1946,2,0.11,0.3,0.04491428571428564
1947,2,0.02,0.03,0.04491428571428564
1948,2,-0.04,-0.03,0.04491428571428564
1949,2,-0.01,0.08,0.04491428571428564
1950,2,-0.21,-0.41000000000000003,0.04491428571428564
1951,2,-0.35,-0.6699999999999999,0.04491428571428564
1952,2,0.13,0.28,0.04491428571428564
1953,2,0.13,0.22,0.04491428571428564
1954,2,-0.11,-0.28,0.04491428571428564
1955,2,-0.03,0.1,0.04491428571428564
1956,2,-0.12,-0.2,0.04491428571428564
1957,2,-0.06,-0.1,0.04491428571428564
1958,2,0.28,0.64,0.04491428571428564
1959,2,0.11,0.22999999999999998,0.04491428571428564
1960,2,0.1,0.14,0.04491428571428564
1961,2,0.14,0.25,0.04491428571428564
1962,2,0.11,0.16999999999999998,0.04491428571428564
1963,2,0.11,0.13,0.04491428571428564
1964,2,-0.08,-0.13,0.04491428571428564
1965,2,-0.12,-0.19,0.04491428571428564
1966,2,-0.09,-0.24,0.04491428571428564
1967,2,-0.14,-0.23,0.04491428571428564
1968,2,-0.17,-0.38,0.04491428571428564
1969,2,-0.06,-0.12,0.04491428571428564
1970,2,0.19,0.36,0.04491428571428564
1971,2,-0.09,-0.13,0.04491428571428564
1972,2,-0.16,-0.35,0.04491428571428564
1973,2,0.32,0.63,0.04491428571428564
1974,2,-0.17,-0.25,0.04491428571428564
1975,2,0.07,0.12000000000000001,0.04491428571428564
1976,2,-0.05,-0.07,0.04491428571428564
1977,2,0.23,0.48,0.04491428571428564
1978,2,0.14,0.26,0.04491428571428564
1979,2,0.06,0.22,0.04491428571428564
1980,2,0.41,0.78,0.04491428571428564
1981,2,0.47,0.99,0.04491428571428564
1982,2,0.15,0.25,0.04491428571428564
1983,2,0.47,0.96,0.04491428571428564
1984,2,0.25,0.55,0.04491428571428564
1985,2,0.16,0.44000000000000006,0.04491428571428564
1986,2,0.34,0.6200000000000001,0.04491428571428564
1987,2,0.36,0.7,0.04491428571428564
1988,2,0.5,1.05,0.04491428571428564
1989,2,0.21,0.31,0.04491428571428564
1990,2,0.38,0.76,0.04491428571428564
1991,2,0.45,0.8500000000000001,0.04491428571428564
1992,2,0.43,0.87,0.04491428571428564
1993,2,0.36,0.69,0.04491428571428564
1994,2,0.14,0.37,0.04491428571428564
1995,2,0.65,1.2000000000000002,0.04491428571428564
1996,2,0.39,0.67,0.04491428571428564
1997,2,0.32,0.5900000000000001,0.04491428571428564
1998,2,0.7,1.29,0.04491428571428564
1999,2,0.56,1.03,0.04491428571428564
2000,2,0.43,0.75,0.04491428571428564
2001,2,0.44,0.89,0.04491428571428564
2002,2,0.68,1.36,0.04491428571428564
2003,2,0.67,1.3900000000000001,0.04491428571428564
2004,2,0.67,1.29,0.04491428571428564
2005,2,0.7,1.46,0.04491428571428564
2006,2,0.68,1.28,0.04491428571428564
2007,2,0.82,1.74,0.04491428571428564
2008,2,0.3,0.5800000000000001,0.04491428571428564
2009,2,0.61,1.28,0.04491428571428564
2010,2,0.81,1.58,0.04491428571428564
2011,2,0.53,1.09,0.04491428571428564
2012,2,0.52,1.03,0.04491428571428564
2013,2,0.64,1.33,0.04491428571428564
2014,2,0.67,1.42,0.04491428571428564
2015,2,0.85,1.68,0.04491428571428564
2016,2,1.28,2.49,0.04491428571428564
2017,2,1.08,2.13,0.04491428571428564
2018,2,0.86,1.7,0.04491428571428564
2019,2,0.92,1.84,0.04491428571428564
2020,2,1.18,2.34,0.04491428571428564
2021,2,0.75,1.5899999999999999,0.04491428571428564
2022,2,0.91,1.83,0.04491428571428564
2023,2,0.95,1.8399999999999999,0.04491428571428564
2024,2,1.34,2.63,0.04491428571428564
1850,3,-0.29,-1.08,0.04362068965517246
1851,3,-0.16,-0.45000000000000007,0.04362068965517246
1852,3,-0.22,-0.37,0.04362068965517246
1853,3,-0.2,-0.51,0.04362068965517246
1854,3,-0.16,-0.67,0.04362068965517246
1855,3,-0.07,-0.23,0.04362068965517246
1856,3,0.01,0.27,0.04362068965517246
1857,3,-0.22,-0.62,0.04362068965517246
1858,3,-0.16,-0.48,0.04362068965517246
1859,3,-0.08,-0.35000000000000003,0.04362068965517246
1860,3,-0.19,-0.5,0.04362068965517246
1861,3,-0.48,-1.69,0.04362068965517246
1862,3,-0.44,-1.3599999999999999,0.04362068965517246
1863,3,-0.18,-0.52,0.04362068965517246
1864,3,-0.27,-0.91,0.04362068965517246
1865,3,-0.11,-0.01999999999999999,0.04362068965517246
1866,3,-0.04,-0.02,0.04362068965517246
1867,3,-0.25,-0.66,0.04362068965517246
1868,3,-0.24,-0.9299999999999999,0.04362068965517246
1869,3,0.04,0.16,0.04362068965517246
1870,3,-0.19,-0.55,0.04362068965517246
1871,3,-0.23,-0.9199999999999999,0.04362068965517246
1872,3,-0.23,-0.77,0.04362068965517246
1873,3,-0.28,-0.7,0.04362068965517246
1874,3,-0.26,-0.6799999999999999,0.04362068965517246
1875,3,-0.18,-0.48000000000000004,0.04362068965517246
1876,3,-0.28,-0.8300000000000001,0.04362068965517246
1877,3,-0.02,-0.19999999999999998,0.04362068965517246
1878,3,0.26,0.5800000000000001,0.04362068965517246
1879,3,-0.08,-0.22000000000000003,0.04362068965517246
1880,3,-0.29,-0.95,0.04362068965517246
1881,3,-0.1,-0.32999999999999996,0.04362068965517246
1882,3,-0.02,0.08,0.04362068965517246
1883,3,-0.21,-0.66,0.04362068965517246
1884,3,-0.26,-0.66,0.04362068965517246
1885,3,-0.35,-1.1,0.04362068965517246
1886,3,-0.37,-1.0,0.04362068965517246
1887,3,-0.49,-1.68,0.04362068965517246
1888,3,-0.24,-0.6,0.04362068965517246
1889,3,0.13,0.33999999999999997,0.04362068965517246
1890,3,-0.35,-1.04,0.04362068965517246
1891,3,-0.34,-1.02,0.04362068965517246
1892,3,-0.18,-0.51,0.04362068965517246
1893,3,-0.47,-1.53,0.04362068965517246
1894,3,-0.44,-1.48,0.04362068965517246
1895,3,-0.32,-0.99,0.04362068965517246
1896,3,-0.17,-0.51,0.04362068965517246
1897,3,-0.15,-0.39,0.04362068965517246
1898,3,-0.33,-0.81,0.04362068965517246
1899,3,-0.29,-0.9099999999999999,0.04362068965517246
1900,3,-0.06,-0.44,0.04362068965517246
1901,3,-0.06,-0.41,0.04362068965517246
1902,3,-0.16,-0.44000000000000006,0.04362068965517246
1903,3,-0.21,-0.63,0.04362068965517246
1904,3,-0.5,-1.6600000000000001,0.04362068965517246
1905,3,-0.33,-1.03,0.04362068965517246
1906,3,-0.23,-0.79,0.04362068965517246
1907,3,-0.35,-1.04,0.04362068965517246
1908,3,-0.4,-1.23,0.04362068965517246
1909,3,-0.51,-1.72,0.04362068965517246
1910,3,-0.4,-1.13,0.04362068965517246
1911,3,-0.58,-1.71,0.04362068965517246
1912,3,-0.28,-0.81,0.04362068965517246
1913,3,-0.39,-1.12,0.04362068965517246
1914,3,-0.14,-0.30000000000000004,0.04362068965517246
1915,3,-0.06,-0.3,0.04362068965517246
1916,3,-0.16,-0.43000000000000005,0.04362068965517246
1917,3,-0.6,-1.71,0.04362068965517246
1918,3,-0.42,-1.38,0.04362068965517246
1919,3,-0.18,-0.39,0.04362068965517246
1920,3,-0.17,-0.52,0.04362068965517246
1921,3,-0.21,-0.5,0.04362068965517246
1922,3,-0.25,-0.74,0.04362068965517246
1923,3,-0.33,-0.9299999999999999,0.04362068965517246
1924,3,-0.13,-0.47000000000000003,0.04362068965517246
1925,3,-0.34,-1.1500000000000001,0.04362068965517246
1926,3,0.1,0.36,0.04362068965517246
1927,3,-0.25,-0.72,0.04362068965517246
1928,3,-0.14,-0.32,0.04362068965517246
1929,3,-0.37,-1.1099999999999999,0.04362068965517246
1930,3,-0.24,-0.8400000000000001,0.04362068965517246
1931,3,-0.08,-0.2,0.04362068965517246
1932,3,-0.06,0.03,0.04362068965517246
1933,3,-0.22,-0.6,0.04362068965517246
1934,3,-0.2,-0.6300000000000001,0.04362068965517246
1935,3,-0.11,-0.49,0.04362068965517246
1936,3,-0.25,-0.8200000000000001,0.04362068965517246
1937,3,-0.08,-0.16999999999999998,0.04362068965517246
1938,3,0.06,0.14,0.04362068965517246
1939,3,-0.11,-0.22999999999999998,0.04362068965517246
1940,3,0.13,0.4,0.04362068965517246
1941,3,0.22,0.67,0.04362068965517246
1942,3,0.14,0.61,0.04362068965517246
1943,3,0.01,0.05,0.04362068965517246
1944,3,0.3,0.9199999999999999,0.04362068965517246
1945,3,0.12,0.47,0.04362068965517246
1946,3,0.06,0.36,0.04362068965517246
1947,3,0.03,0.06,0.04362068965517246
1948,3,-0.1,-0.13,0.04362068965517246
1949,3,0.0,0.08,0.04362068965517246
1950,3,-0.16,-0.5700000000000001,0.04362068965517246
1951,3,-0.28,-0.95,0.04362068965517246
1952,3,0.08,0.36000000000000004,0.04362068965517246
1953,3,0.14,0.36,0.04362068965517246
1954,3,-0.11,-0.39,0.04362068965517246
1955,3,-0.11,-0.009999999999999995,0.04362068965517246
1956,3,-0.13,-0.33,0.04362068965517246
1957,3,-0.06,-0.16,0.04362068965517246
1958,3,0.23,0.87,0.04362068965517246
1959,3,0.14,0.37,0.04362068965517246
1960,3,-0.01,0.13,0.04362068965517246
1961,3,0.13,0.38,0.04362068965517246
1962,3,0.13,0.3,0.04362068965517246
1963,3,0.04,0.17,0.04362068965517246
1964,3,-0.13,-0.26,0.04362068965517246
1965,3,-0.12,-0.31,0.04362068965517246
1966,3,-0.06,-0.3,0.04362068965517246
1967,3,-0.08,-0.31,0.04362068965517246
1968,3,-0.06,-0.44,0.04362068965517246
1969,3,-0.02,-0.13999999999999999,0.04362068965517246
1970,3,0.16,0.52,0.04362068965517246
1971,3,-0.1,-0.23,0.04362068965517246
1972,3,-0.08,-0.43,0.04362068965517246
1973,3,0.31,0.94,0.04362068965517246
1974,3,-0.13,-0.38,0.04362068965517246
1975,3,0.1,0.22000000000000003,0.04362068965517246
1976,3,-0.09,-0.16,0.04362068965517246
1977,3,0.23,0.71,0.04362068965517246
1978,3,0.16,0.42000000000000004,0.04362068965517246
1979,3,0.1,0.32,0.04362068965517246
1980,3,0.39,1.17,0.04362068965517246
1981,3,0.47,1.46,0.04362068965517246
1982,3,0.12,0.37,0.04362068965517246
1983,3,0.46,1.42,0.04362068965517246
1984,3,0.27,0.8200000000000001,0.04362068965517246
1985,3,0.18,0.6200000000000001,0.04362068965517246
1986,3,0.33,0.9500000000000002,0.04362068965517246
1987,3,0.31,1.01,0.04362068965517246
1988,3,0.51,1.56,0.04362068965517246
1989,3,0.25,0.56,0.04362068965517246
1990,3,0.51,1.27,0.04362068965517246
1991,3,0.42,1.27,0.04362068965517246
1992,3,0.44,1.31,0.04362068965517246
1993,3,0.36,1.0499999999999998,0.04362068965517246
1994,3,0.2,0.5700000000000001,0.04362068965517246
1995,3,0.6,1.8000000000000003,0.04362068965517246
1996,3,0.38,1.05,0.04362068965517246
1997,3,0.38,0.9700000000000001,0.04362068965517246
1998,3,0.68,1.9700000000000002,0.04362068965517246
1999,3,0.49,1.52,0.04362068965517246
2000,3,0.47,1.22,0.04362068965517246
2001,3,0.48,1.37,0.04362068965517246
2002,3,0.73,2.09,0.04362068965517246
2003,3,0.64,2.0300000000000002,0.04362068965517246
2004,3,0.67,1.96,0.04362068965517246
2005,3,0.71,2.17,0.04362068965517246
2006,3,0.68,1.96,0.04362068965517246
2007,3,0.77,2.51,0.04362068965517246
2008,3,0.44,1.02,0.04362068965517246
2009,3,0.58,1.8599999999999999,0.04362068965517246
2010,3,0.83,2.41,0.04362068965517246
2011,3,0.57,1.6600000000000001,0.04362068965517246
2012,3,0.52,1.55,0.04362068965517246
2013,3,0.65,1.98,0.04362068965517246
2014,3,0.71,2.13,0.04362068965517246
2015,3,0.88,2.56,0.04362068965517246
2016,3,1.3,3.79,0.04362068965517246
2017,3,1.09,3.2199999999999998,0.04362068965517246
2018,3,0.87,2.57,0.04362068965517246
2019,3,0.99,2.83,0.04362068965517246
2020,3,1.17,3.51,0.04362068965517246
2021,3,0.79,2.38,0.04362068965517246
2022,3,0.96,2.79,0.04362068965517246
2023,3,1.05,2.8899999999999997,0.04362068965517246
1850,4,-0.31,-1.3900000000000001,0.04155172413793103
1851,4,-0.21,-0.66,0.04155172413793103
1852,4,-0.25,-0.62,0.04155172413793103
1853,4,-0.22,-0.73,0.04155172413793103
1854,4,-0.15,-0.8200000000000001,0.04155172413793103
1855,4,-0.07,-0.30000000000000004,0.04155172413793103
1856,4,-0.04,0.23,0.04155172413793103
1857,4,-0.24,-0.86,0.04155172413793103
1858,4,-0.17,-0.65,0.04155172413793103
1859,4,-0.07,-0.42000000000000004,0.04155172413793103
1860,4,-0.2,-0.7,0.04155172413793103
1861,4,-0.45,-2.14,0.04155172413793103
1862,4,-0.44,-1.7999999999999998,0.04155172413793103
1863,4,-0.18,-0.7,0.04155172413793103
1864,4,-0.26,-1.17,0.04155172413793103
1865,4,-0.15,-0.16999999999999998,0.04155172413793103
1866,4,-0.08,-0.1,0.04155172413793103
1867,4,-0.29,-0.95,0.04155172413793103
1868,4,-0.23,-1.16,0.04155172413793103
1869,4,-0.01,0.15,0.04155172413793103
1870,4,-0.19,-0.74,0.04155172413793103
1871,4,-0.18,-1.0999999999999999,0.04155172413793103
1872,4,-0.25,-1.02,0.04155172413793103
1873,4,-0.31,-1.01,0.04155172413793103
1874,4,-0.27,-0.95,0.04155172413793103
1875,4,-0.19,-0.67,0.04155172413793103
1876,4,-0.28,-1.11,0.04155172413793103
1877,4,-0.02,-0.21999999999999997,0.04155172413793103
1878,4,0.23,0.81,0.04155172413793103
1879,4,-0.09,-0.31000000000000005,0.04155172413793103
1880,4,-0.24,-1.19,0.04155172413793103
1881,4,-0.06,-0.38999999999999996,0.04155172413793103
1882,4,-0.06,0.020000000000000004,0.04155172413793103
1883,4,-0.21,-0.87,0.04155172413793103
1884,4,-0.29,-0.95,0.04155172413793103
1885,4,-0.37,-1.4700000000000002,0.04155172413793103
1886,4,-0.34,-1.34,0.04155172413793103
1887,4,-0.45,-2.13,0.04155172413793103
1888,4,-0.25,-0.85,0.04155172413793103
1889,4,0.11,0.44999999999999996,0.04155172413793103
1890,4,-0.36,-1.4,0.04155172413793103
1891,4,-0.31,-1.33,0.04155172413793103
1892,4,-0.2,-0.71,0.04155172413793103
1893,4,-0.44,-1.97,0.04155172413793103
1894,4,-0.44,-1.92,0.04155172413793103
1895,4,-0.29,-1.28,0.04155172413793103
1896,4,-0.2,-0.71,0.04155172413793103
1897,4,-0.1,-0.49,0.04155172413793103
1898,4,-0.33,-1.1400000000000001,0.04155172413793103
1899,4,-0.27,-1.18,0.04155172413793103
1900,4,-0.08,-0.52,0.04155172413793103
1901,4,-0.03,-0.43999999999999995,0.04155172413793103
1902,4,-0.19,-0.6300000000000001,0.04155172413793103
1903,4,-0.26,-0.89,0.04155172413793103
1904,4,-0.51,-2.17,0.04155172413793103
1905,4,-0.32,-1.35,0.04155172413793103
1906,4,-0.17,-0.9600000000000001,0.04155172413793103
1907,4,-0.36,-1.4,0.04155172413793103
1908,4,-0.43,-1.66,0.04155172413793103
1909,4,-0.52,-2.24,0.04155172413793103
1910,4,-0.4,-1.5299999999999998,0.04155172413793103
1911,4,-0.53,-2.24,0.04155172413793103
1912,4,-0.27,-1.08,0.04155172413793103
1913,4,-0.39,-1.5100000000000002,0.04155172413793103
1914,4,-0.16,-0.4600000000000001,0.04155172413793103
1915,4,-0.02,-0.32,0.04155172413793103
1916,4,-0.17,-0.6000000000000001,0.04155172413793103
1917,4,-0.58,-2.29,0.04155172413793103
1918,4,-0.43,-1.8099999999999998,0.04155172413793103
1919,4,-0.14,-0.53,0.04155172413793103
1920,4,-0.19,-0.71,0.04155172413793103
1921,4,-0.23,-0.73,0.04155172413793103
1922,4,-0.22,-0.96,0.04155172413793103
1923,4,-0.33,-1.26,0.04155172413793103
1924,4,-0.15,-0.62,0.04155172413793103
1925,4,-0.3,-1.4500000000000002,0.04155172413793103
1926,4,0.08,0.44,0.04155172413793103
1927,4,-0.26,-0.98,0.04155172413793103
1928,4,-0.16,-0.48,0.04155172413793103
1929,4,-0.37,-1.48,0.04155172413793103
1930,4,-0.21,-1.05,0.04155172413793103
1931,4,-0.1,-0.30000000000000004,0.04155172413793103
1932,4,-0.05,-0.020000000000000004,0.04155172413793103
1933,4,-0.21,-0.8099999999999999,0.04155172413793103
1934,4,-0.22,-0.8500000000000001,0.04155172413793103
1935,4,-0.17,-0.66,0.04155172413793103
1936,4,-0.22,-1.04,0.04155172413793103
1937,4,-0.1,-0.27,0.04155172413793103
1938,4,0.06,0.2,0.04155172413793103
1939,4,-0.11,-0.33999999999999997,0.04155172413793103
1940,4,0.16,0.56,0.04155172413793103
1941,4,0.23,0.9,0.04155172413793103
1942,4,0.14,0.75,0.04155172413793103
1943,4,0.04,0.09,0.04155172413793103
1944,4,0.28,1.2,0.04155172413793103
1945,4,0.16,0.63,0.04155172413793103
1946,4,0.05,0.41,0.04155172413793103
1947,4,0.04,0.1,0.04155172413793103
1948,4,-0.09,-0.22,0.04155172413793103
1949,4,-0.01,0.07,0.04155172413793103
1950,4,-0.16,-0.7300000000000001,0.04155172413793103
1951,4,-0.25,-1.2,0.04155172413793103
1952,4,0.08,0.44000000000000006,0.04155172413793103
1953,4,0.18,0.54,0.04155172413793103
1954,4,-0.12,-0.51,0.04155172413793103
1955,4,-0.14,-0.15000000000000002,0.04155172413793103
1956,4,-0.16,-0.49,0.04155172413793103
1957,4,-0.03,-0.19,0.04155172413793103
1958,4,0.19,1.06,0.04155172413793103
1959,4,0.14,0.51,0.04155172413793103
1960,4,-0.04,0.09,0.04155172413793103
1961,4,0.13,0.51,0.04155172413793103
1962,4,0.11,0.41,0.04155172413793103
1963,4,0.02,0.19,0.04155172413793103
1964,4,-0.16,-0.42000000000000004,0.04155172413793103
1965,4,-0.13,-0.44,0.04155172413793103
1966,4,-0.07,-0.37,0.04155172413793103
1967,4,-0.07,-0.38,0.04155172413793103
1968,4,-0.06,-0.5,0.04155172413793103
1969,4,0.03,-0.10999999999999999,0.04155172413793103
1970,4,0.15,0.67,0.04155172413793103
1971,4,-0.09,-0.32,0.04155172413793103
1972,4,-0.05,-0.48,0.04155172413793103
1973,4,0.32,1.26,0.04155172413793103
1974,4,-0.12,-0.5,0.04155172413793103
1975,4,0.1,0.32000000000000006,0.04155172413793103
1976,4,-0.07,-0.23,0.04155172413793103
1977,4,0.23,0.94,0.04155172413793103
1978,4,0.16,0.5800000000000001,0.04155172413793103
1979,4,0.1,0.42000000000000004,0.04155172413793103
1980,4,0.38,1.5499999999999998,0.04155172413793103
1981,4,0.44,1.9,0.04155172413793103
1982,4,0.13,0.5,0.04155172413793103
1983,4,0.41,1.8299999999999998,0.04155172413793103
1984,4,0.23,1.05,0.04155172413793103
1985,4,0.17,0.7900000000000001,0.04155172413793103
1986,4,0.31,1.2600000000000002,0.04155172413793103
1987,4,0.3,1.31,0.04155172413793103
1988,4,0.5,2.06,0.04155172413793103
1989,4,0.26,0.8200000000000001,0.04155172413793103
1990,4,0.53,1.8,0.04155172413793103
1991,4,0.45,1.72,0.04155172413793103
1992,4,0.41,1.72,0.04155172413793103
1993,4,0.35,1.4,0.04155172413793103
1994,4,0.25,0.8200000000000001,0.04155172413793103
1995,4,0.58,2.3800000000000003,0.04155172413793103
1996,4,0.37,1.42,0.04155172413793103
1997,4,0.38,1.35,0.04155172413793103
1998,4,0.69,2.66,0.04155172413793103
1999,4,0.46,1.98,0.04155172413793103
2000,4,0.5,1.72,0.04155172413793103
2001,4,0.49,1.86,0.04155172413793103
2002,4,0.69,2.78,0.04155172413793103
2003,4,0.63,2.66,0.04155172413793103
2004,4,0.65,2.61,0.04155172413793103
2005,4,0.71,2.88,0.04155172413793103
2006,4,0.65,2.61,0.04155172413793103
2007,4,0.77,3.28,0.04155172413793103
2008,4,0.46,1.48,0.04155172413793103
2009,4,0.58,2.44,0.04155172413793103
2010,4,0.85,3.2600000000000002,0.04155172413793103
2011,4,0.6,2.2600000000000002,0.04155172413793103
2012,4,0.57,2.12,0.04155172413793103
2013,4,0.64,2.62,0.04155172413793103
2014,4,0.73,2.86,0.04155172413793103
2015,4,0.86,3.42,0.04155172413793103
2016,4,1.26,5.05,0.04155172413793103
2017,4,1.05,4.27,0.04155172413793103
2018,4,0.88,3.4499999999999997,0.04155172413793103
2019,4,1.01,3.84,0.04155172413793103
2020,4,1.16,4.67,0.04155172413793103
2021,4,0.79,3.17,0.04155172413793103
2022,4,0.94,3.73,0.04155172413793103
2023,4,1.03,3.92,0.04155172413793103
1850,5,-0.3,-1.6900000000000002,0.040977011494252855
1851,5,-0.22,-0.88,0.040977011494252855
1852,5,-0.22,-0.84,0.040977011494252855
1853,5,-0.19,-0.9199999999999999,0.040977011494252855
1854,5,-0.14,-0.9600000000000001,0.040977011494252855
1855,5,-0.08,-0.38000000000000006,0.040977011494252855
1856,5,-0.08,0.15000000000000002,0.040977011494252855
1857,5,-0.26,-1.12,0.040977011494252855
1858,5,-0.21,-0.86,0.040977011494252855
1859,5,-0.05,-0.47000000000000003,0.040977011494252855
1860,5,-0.21,-0.9099999999999999,0.040977011494252855
1861,5,-0.44,-2.58,0.040977011494252855
1862,5,-0.44,-2.2399999999999998,0.040977011494252855
1863,5,-0.2,-0.8999999999999999,0.040977011494252855
1864,5,-0.23,-1.4,0.040977011494252855
1865,5,-0.17,-0.33999999999999997,0.040977011494252855
1866,5,-0.1,-0.2,0.040977011494252855
1867,5,-0.3,-1.25,0.040977011494252855
1868,5,-0.21,-1.3699999999999999,0.040977011494252855
1869,5,-0.02,0.13,0.040977011494252855
1870,5,-0.18,-0.9199999999999999,0.040977011494252855
1871,5,-0.17,-1.2699999999999998,0.040977011494252855
1872,5,-0.24,-1.26,0.040977011494252855
1873,5,-0.3,-1.31,0.040977011494252855
1874,5,-0.29,-1.24,0.040977011494252855
1875,5,-0.19,-0.8600000000000001,0.040977011494252855
1876,5,-0.32,-1.4300000000000002,0.040977011494252855
1877,5,-0.01,-0.22999999999999998,0.040977011494252855
1878,5,0.19,1.0,0.040977011494252855
1879,5,-0.09,-0.4,0.040977011494252855
1880,5,-0.22,-1.41,0.040977011494252855
1881,5,-0.04,-0.42999999999999994,0.040977011494252855
1882,5,-0.07,-0.05,0.040977011494252855
1883,5,-0.2,-1.07,0.040977011494252855
1884,5,-0.3,-1.25,0.040977011494252855
1885,5,-0.35,-1.8200000000000003,0.040977011494252855
1886,5,-0.33,-1.6700000000000002,0.040977011494252855
1887,5,-0.42,-2.55,0.040977011494252855
1888,5,-0.23,-1.08,0.040977011494252855
1889,5,0.11,0.5599999999999999,0.040977011494252855
1890,5,-0.35,-1.75,0.040977011494252855
1891,5,-0.28,-1.61,0.040977011494252855
1892,5,-0.22,-0.9299999999999999,0.040977011494252855
1893,5,-0.41,-2.38,0.040977011494252855
1894,5,-0.4,-2.32,0.040977011494252855
1895,5,-0.29,-1.57,0.040977011494252855
1896,5,-0.21,-0.9199999999999999,0.040977011494252855
1897,5,-0.09,-0.58,0.040977011494252855
1898,5,-0.3,-1.4400000000000002,0.040977011494252855
1899,5,-0.27,-1.45,0.040977011494252855
1900,5,-0.08,-0.6,0.040977011494252855
1901,5,-0.05,-0.48999999999999994,0.040977011494252855
1902,5,-0.2,-0.8300000000000001,0.040977011494252855
1903,5,-0.27,-1.1600000000000001,0.040977011494252855
1904,5,-0.5,-2.67,0.040977011494252855
1905,5,-0.3,-1.6500000000000001,0.040977011494252855
1906,5,-0.17,-1.1300000000000001,0.040977011494252855
1907,5,-0.37,-1.77,0.040977011494252855
1908,5,-0.42,-2.08,0.040977011494252855
1909,5,-0.5,-2.74,0.040977011494252855
1910,5,-0.38,-1.9099999999999997,0.040977011494252855
1911,5,-0.52,-2.7600000000000002,0.040977011494252855
1912,5,-0.25,-1.33,0.040977011494252855
1913,5,-0.4,-1.9100000000000001,0.040977011494252855
1914,5,-0.17,-0.6300000000000001,0.040977011494252855
1915,5,-0.01,-0.33,0.040977011494252855
1916,5,-0.18,-0.78,0.040977011494252855
1917,5,-0.57,-2.86,0.040977011494252855
1918,5,-0.42,-2.23,0.040977011494252855
1919,5,-0.15,-0.68,0.040977011494252855
1920,5,-0.19,-0.8999999999999999,0.040977011494252855
1921,5,-0.22,-0.95,0.040977011494252855
1922,5,-0.24,-1.2,0.040977011494252855
1923,5,-0.31,-1.57,0.040977011494252855
1924,5,-0.14,-0.76,0.040977011494252855
1925,5,-0.28,-1.7300000000000002,0.040977011494252855
1926,5,0.03,0.47,0.040977011494252855
1927,5,-0.25,-1.23,0.040977011494252855
1928,5,-0.16,-0.64,0.040977011494252855
1929,5,-0.37,-1.85,0.040977011494252855
1930,5,-0.2,-1.25,0.040977011494252855
1931,5,-0.11,-0.41000000000000003,0.040977011494252855
1932,5,-0.07,-0.09000000000000001,0.040977011494252855
1933,5,-0.21,-1.02,0.040977011494252855
1934,5,-0.18,-1.03,0.040977011494252855
1935,5,-0.19,-0.8500000000000001,0.040977011494252855
1936,5,-0.21,-1.25,0.040977011494252855
1937,5,-0.09,-0.36,0.040977011494252855
1938,5,0.04,0.24000000000000002,0.040977011494252855
1939,5,-0.09,-0.42999999999999994,0.040977011494252855
1940,5,0.16,0.7200000000000001,0.040977011494252855
1941,5,0.22,1.12,0.040977011494252855
1942,5,0.13,0.88,0.040977011494252855
1943,5,0.04,0.13,0.040977011494252855
1944,5,0.27,1.47,0.040977011494252855
1945,5,0.16,0.79,0.040977011494252855
1946,5,0.04,0.44999999999999996,0.040977011494252855
1947,5,0.03,0.13,0.040977011494252855
1948,5,-0.05,-0.27,0.040977011494252855
1949,5,-0.01,0.060000000000000005,0.040977011494252855
1950,5,-0.13,-0.8600000000000001,0.040977011494252855
1951,5,-0.19,-1.39,0.040977011494252855
1952,5,0.07,0.51,0.040977011494252855
1953,5,0.17,0.7100000000000001,0.040977011494252855
1954,5,-0.13,-0.64,0.040977011494252855
1955,5,-0.14,-0.29000000000000004,0.040977011494252855
1956,5,-0.18,-0.6699999999999999,0.040977011494252855
1957,5,-0.01,-0.2,0.040977011494252855
1958,5,0.17,1.23,0.040977011494252855
1959,5,0.13,0.64,0.040977011494252855
1960,5,-0.04,0.049999999999999996,0.040977011494252855
1961,5,0.14,0.65,0.040977011494252855
1962,5,0.08,0.49,0.040977011494252855
1963,5,0.01,0.2,0.040977011494252855
1964,5,-0.17,-0.5900000000000001,0.040977011494252855
1965,5,-0.13,-0.5700000000000001,0.040977011494252855
1966,5,-0.07,-0.44,0.040977011494252855
1967,5,-0.02,-0.4,0.040977011494252855
1968,5,-0.06,-0.56,0.040977011494252855
1969,5,0.07,-0.03999999999999998,0.040977011494252855
1970,5,0.12,0.79,0.040977011494252855
1971,5,-0.07,-0.39,0.040977011494252855
1972,5,-0.04,-0.52,0.040977011494252855
1973,5,0.31,1.57,0.040977011494252855
1974,5,-0.09,-0.59,0.040977011494252855
1975,5,0.11,0.43000000000000005,0.040977011494252855
1976,5,-0.09,-0.32,0.040977011494252855
1977,5,0.25,1.19,0.040977011494252855
1978,5,0.15,0.7300000000000001,0.040977011494252855
1979,5,0.1,0.52,0.040977011494252855
1980,5,0.38,1.9299999999999997,0.040977011494252855
1981,5,0.41,2.31,0.040977011494252855
1982,5,0.14,0.64,0.040977011494252855
1983,5,0.4,2.23,0.040977011494252855
1984,5,0.26,1.31,0.040977011494252855
1985,5,0.17,0.9600000000000002,0.040977011494252855
1986,5,0.3,1.5600000000000003,0.040977011494252855
1987,5,0.3,1.61,0.040977011494252855
1988,5,0.49,2.55,0.040977011494252855
1989,5,0.25,1.07,0.040977011494252855
1990,5,0.53,2.33,0.040977011494252855
1991,5,0.44,2.16,0.040977011494252855
1992,5,0.39,2.11,0.040977011494252855
1993,5,0.34,1.74,0.040977011494252855
1994,5,0.26,1.08,0.040977011494252855
1995,5,0.53,2.91,0.040977011494252855
1996,5,0.36,1.7799999999999998,0.040977011494252855
1997,5,0.39,1.7400000000000002,0.040977011494252855
1998,5,0.69,3.35,0.040977011494252855
1999,5,0.43,2.41,0.040977011494252855
2000,5,0.47,2.19,0.040977011494252855
2001,5,0.51,2.37,0.040977011494252855
2002,5,0.68,3.46,0.040977011494252855
2003,5,0.62,3.2800000000000002,0.040977011494252855
2004,5,0.6,3.21,0.040977011494252855
2005,5,0.7,3.58,0.040977011494252855
2006,5,0.63,3.2399999999999998,0.040977011494252855
2007,5,0.75,4.029999999999999,0.040977011494252855
2008,5,0.47,1.95,0.040977011494252855
2009,5,0.59,3.03,0.040977011494252855
2010,5,0.83,4.09,0.040977011494252855
2011,5,0.59,2.85,0.040977011494252855
2012,5,0.61,2.73,0.040977011494252855
2013,5,0.64,3.2600000000000002,0.040977011494252855
2014,5,0.75,3.61,0.040977011494252855
2015,5,0.86,4.28,0.040977011494252855
2016,5,1.2,6.25,0.040977011494252855
2017,5,1.02,5.289999999999999,0.040977011494252855
2018,5,0.87,4.319999999999999,0.040977011494252855
2019,5,0.99,4.83,0.040977011494252855
2020,5,1.13,5.8,0.040977011494252855
2021,5,0.8,3.9699999999999998,0.040977011494252855
2022,5,0.92,4.65,0.040977011494252855
2023,5,1.02,4.9399999999999995,0.040977011494252855
1850,6,-0.27,-1.9600000000000002,0.044022988505747165
1851,6,-0.21,-1.09,0.044022988505747165
1852,6,-0.16,-1.0,0.044022988505747165
1853,6,-0.16,-1.0799999999999998,0.044022988505747165
1854,6,-0.13,-1.09,0.044022988505747165
1855,6,-0.07,-0.45000000000000007,0.044022988505747165
1856,6,-0.07,0.08000000000000002,0.044022988505747165
1857,6,-0.25,-1.37,0.044022988505747165
1858,6,-0.21,-1.07,0.044022988505747165
1859,6,-0.05,-0.52,0.044022988505747165
1860,6,-0.2,-1.1099999999999999,0.044022988505747165
1861,6,-0.41,-2.99,0.044022988505747165
1862,6,-0.4,-2.6399999999999997,0.044022988505747165
1863,6,-0.19,-1.0899999999999999,0.044022988505747165
1864,6,-0.2,-1.5999999999999999,0.044022988505747165
1865,6,-0.15,-0.49,0.044022988505747165
1866,6,-0.1,-0.30000000000000004,0.044022988505747165
1867,6,-0.28,-1.53,0.044022988505747165
1868,6,-0.18,-1.5499999999999998,0.044022988505747165
1869,6,-0.02,0.11,0.044022988505747165
1870,6,-0.16,-1.0799999999999998,0.044022988505747165
1871,6,-0.14,-1.4099999999999997,0.044022988505747165
1872,6,-0.22,-1.48,0.044022988505747165
1873,6,-0.26,-1.57,0.044022988505747165
1874,6,-0.27,-1.51,0.044022988505747165
1875,6,-0.17,-1.03,0.044022988505747165
1876,6,-0.29,-1.7200000000000002,0.044022988505747165
1877,6,0.0,-0.22999999999999998,0.044022988505747165
1878,6,0.2,1.2,0.044022988505747165
1879,6,-0.09,-0.49,0.044022988505747165
1880,6,-0.2,-1.6099999999999999,0.044022988505747165
1881,6,-0.06,-0.48999999999999994,0.044022988505747165
1882,6,-0.1,-0.15000000000000002,0.044022988505747165
1883,6,-0.16,-1.23,0.044022988505747165
1884,6,-0.29,-1.54,0.044022988505747165
1885,6,-0.36,-2.18,0.044022988505747165
1886,6,-0.32,-1.9900000000000002,0.044022988505747165
1887,6,-0.4,-2.9499999999999997,0.044022988505747165
1888,6,-0.21,-1.29,0.044022988505747165
1889,6,0.08,0.6399999999999999,0.044022988505747165
1890,6,-0.34,-2.09,0.044022988505747165
1891,6,-0.25,-1.86,0.044022988505747165
1892,6,-0.22,-1.15,0.044022988505747165
1893,6,-0.37,-2.75,0.044022988505747165
1894,6,-0.4,-2.7199999999999998,0.044022988505747165
1895,6,-0.27,-1.84,0.044022988505747165
1896,6,-0.18,-1.0999999999999999,0.044022988505747165
1897,6,-0.09,-0.6699999999999999,0.044022988505747165
1898,6,-0.28,-1.7200000000000002,0.044022988505747165
1899,6,-0.26,-1.71,0.044022988505747165
1900,6,-0.07,-0.6699999999999999,0.044022988505747165
1901,6,-0.06,-0.5499999999999999,0.044022988505747165
1902,6,-0.19,-1.02,0.044022988505747165
1903,6,-0.27,-1.4300000000000002,0.044022988505747165
1904,6,-0.49,-3.16,0.044022988505747165
1905,6,-0.27,-1.9200000000000002,0.044022988505747165
1906,6,-0.16,-1.29,0.044022988505747165
1907,6,-0.37,-2.14,0.044022988505747165
1908,6,-0.41,-2.49,0.044022988505747165
1909,6,-0.49,-3.2300000000000004,0.044022988505747165
1910,6,-0.37,-2.28,0.044022988505747165
1911,6,-0.51,-3.2700000000000005,0.044022988505747165
1912,6,-0.24,-1.57,0.044022988505747165
1913,6,-0.39,-2.3000000000000003,0.044022988505747165
1914,6,-0.17,-0.8000000000000002,0.044022988505747165
1915,6,-0.03,-0.36,0.044022988505747165
1916,6,-0.2,-0.98,0.044022988505747165
1917,6,-0.53,-3.3899999999999997,0.044022988505747165
1918,6,-0.41,-2.64,0.044022988505747165
1919,6,-0.17,-0.8500000000000001,0.044022988505747165
1920,6,-0.2,-1.0999999999999999,0.044022988505747165
1921,6,-0.22,-1.17,0.044022988505747165
1922,6,-0.25,-1.45,0.044022988505747165
1923,6,-0.29,-1.86,0.044022988505747165
1924,6,-0.15,-0.91,0.044022988505747165
1925,6,-0.28,-2.0100000000000002,0.044022988505747165
1926,6,0.0,0.47,0.044022988505747165
1927,6,-0.24,-1.47,0.044022988505747165
1928,6,-0.17,-0.81,0.044022988505747165
1929,6,-0.37,-2.22,0.044022988505747165
1930,6,-0.19,-1.44,0.044022988505747165
1931,6,-0.09,-0.5,0.044022988505747165
1932,6,-0.08,-0.17,0.044022988505747165
1933,6,-0.22,-1.24,0.044022988505747165
1934,6,-0.17,-1.2,0.044022988505747165
1935,6,-0.2,-1.05,0.044022988505747165
1936,6,-0.2,-1.45,0.044022988505747165
1937,6,-0.08,-0.44,0.044022988505747165
1938,6,0.0,0.24000000000000002,0.044022988505747165
1939,6,-0.07,-0.49999999999999994,0.044022988505747165
1940,6,0.15,0.8700000000000001,0.044022988505747165
1941,6,0.22,1.34,0.044022988505747165
1942,6,0.13,1.01,0.044022988505747165
1943,6,0.01,0.14,0.044022988505747165
1944,6,0.26,1.73,0.044022988505747165
1945,6,0.15,0.9400000000000001,0.044022988505747165
1946,6,0.01,0.45999999999999996,0.044022988505747165
1947,6,0.04,0.17,0.044022988505747165
1948,6,-0.05,-0.32,0.044022988505747165
1949,6,-0.03,0.030000000000000006,0.044022988505747165
1950,6,-0.11,-0.9700000000000001,0.044022988505747165
1951,6,-0.15,-1.5399999999999998,0.044022988505747165
1952,6,0.06,0.5700000000000001,0.044022988505747165
1953,6,0.17,0.8800000000000001,0.044022988505747165
1954,6,-0.13,-0.77,0.044022988505747165
1955,6,-0.13,-0.42000000000000004,0.044022988505747165
1956,6,-0.17,-0.84,0.044022988505747165
1957,6,0.02,-0.18000000000000002,0.044022988505747165
1958,6,0.15,1.38,0.044022988505747165
1959,6,0.13,0.77,0.044022988505747165
1960,6,-0.04,0.009999999999999995,0.044022988505747165
1961,6,0.13,0.78,0.044022988505747165
1962,6,0.07,0.56,0.044022988505747165
1963,6,0.01,0.21000000000000002,0.044022988505747165
1964,6,-0.15,-0.7400000000000001,0.044022988505747165
1965,6,-0.12,-0.6900000000000001,0.044022988505747165
1966,6,-0.05,-0.49,0.044022988505747165
1967,6,-0.01,-0.41000000000000003,0.044022988505747165
1968,6,-0.05,-0.6100000000000001,0.044022988505747165
1969,6,0.07,0.030000000000000027,0.044022988505747165
1970,6,0.1,0.89,0.044022988505747165
1971,6,-0.08,-0.47000000000000003,0.044022988505747165
1972,6,-0.01,-0.53,0.044022988505747165
1973,6,0.3,1.87,0.044022988505747165
1974,6,-0.08,-0.6699999999999999,0.044022988505747165
1975,6,0.1,0.53,0.044022988505747165
1976,6,-0.09,-0.41000000000000003,0.044022988505747165
1977,6,0.25,1.44,0.044022988505747165
1978,6,0.13,0.8600000000000001,0.044022988505747165
1979,6,0.12,0.64,0.044022988505747165
1980,6,0.36,2.2899999999999996,0.044022988505747165
1981,6,0.39,2.7,0.044022988505747165
1982,6,0.13,0.77,0.044022988505747165
1983,6,0.39,2.62,0.044022988505747165
1984,6,0.23,1.54,0.044022988505747165
1985,6,0.18,1.1400000000000001,0.044022988505747165
1986,6,0.28,1.8400000000000003,0.044022988505747165
1987,6,0.31,1.9200000000000002,0.044022988505747165
1988,6,0.48,3.03,0.044022988505747165
1989,6,0.25,1.32,0.044022988505747165
1990,6,0.51,2.84,0.044022988505747165
1991,6,0.46,2.62,0.044022988505747165
1992,6,0.38,2.4899999999999998,0.044022988505747165
1993,6,0.34,2.08,0.044022988505747165
1994,6,0.29,1.37,0.044022988505747165
1995,6,0.52,3.43,0.044022988505747165
1996,6,0.35,2.13,0.044022988505747165
1997,6,0.42,2.16,0.044022988505747165
1998,6,0.7,4.05,0.044022988505747165
1999,6,0.43,2.8400000000000003,0.044022988505747165
2000,6,0.46,2.65,0.044022988505747165
2001,6,0.51,2.88,0.044022988505747165
2002,6,0.66,4.12,0.044022988505747165
2003,6,0.6,3.8800000000000003,0.044022988505747165
2004,6,0.58,3.79,0.044022988505747165
2005,6,0.69,4.27,0.044022988505747165
2006,6,0.63,3.8699999999999997,0.044022988505747165
2007,6,0.72,4.749999999999999,0.044022988505747165
2008,6,0.47,2.42,0.044022988505747165
2009,6,0.6,3.63,0.044022988505747165
2010,6,0.81,4.9,0.044022988505747165
2011,6,0.59,3.44,0.044022988505747165
2012,6,0.62,3.35,0.044022988505747165
2013,6,0.65,3.91,0.044022988505747165
2014,6,0.75,4.359999999999999,0.044022988505747165
2015,6,0.86,5.140000000000001,0.044022988505747165
2016,6,1.14,7.39,0.044022988505747165
2017,6,0.98,6.27,0.044022988505747165
2018,6,0.86,5.18,0.044022988505747165
2019,6,0.97,5.8,0.044022988505747165
2020,6,1.09,6.89,0.044022988505747165
2021,6,0.8,4.77,0.044022988505747165
2022,6,0.92,5.57,0.044022988505747165
2023,6,1.03,5.97,0.044022988505747165
1850,7,-0.23,-2.1900000000000004,0.046896551724137904
1851,7,-0.17,-1.26,0.046896551724137904
1852,7,-0.13,-1.13,0.046896551724137904
1853,7,-0.12,-1.1999999999999997,0.046896551724137904
1854,7,-0.11,-1.2000000000000002,0.046896551724137904
1855,7,-0.08,-0.53,0.046896551724137904
1856,7,-0.08,1.3877787807814457E-17,0.046896551724137904
1857,7,-0.24,-1.61,0.046896551724137904
1858,7,-0.2,-1.27,0.046896551724137904
1859,7,-0.07,-0.5900000000000001,0.046896551724137904
1860,7,-0.21,-1.3199999999999998,0.046896551724137904
1861,7,-0.37,-3.3600000000000003,0.046896551724137904
1862,7,-0.39,-3.03,0.046896551724137904
1863,7,-0.2,-1.2899999999999998,0.046896551724137904
1864,7,-0.19,-1.7899999999999998,0.046896551724137904
1865,7,-0.13,-0.62,0.046896551724137904
1866,7,-0.09,-0.39,0.046896551724137904
1867,7,-0.26,-1.79,0.046896551724137904
1868,7,-0.16,-1.7099999999999997,0.046896551724137904
1869,7,-0.03,0.08,0.046896551724137904
1870,7,-0.14,-1.2199999999999998,0.046896551724137904
1871,7,-0.12,-1.5299999999999998,0.046896551724137904
1872,7,-0.2,-1.68,0.046896551724137904
1873,7,-0.24,-1.81,0.046896551724137904
1874,7,-0.26,-1.77,0.046896551724137904
1875,7,-0.16,-1.19,0.046896551724137904
1876,7,-0.27,-1.9900000000000002,0.046896551724137904
1877,7,0.05,-0.18,0.046896551724137904
1878,7,0.2,1.4,0.046896551724137904
1879,7,-0.08,-0.57,0.046896551724137904
1880,7,-0.2,-1.8099999999999998,0.046896551724137904
1881,7,-0.05,-0.5399999999999999,0.046896551724137904
1882,7,-0.11,-0.26,0.046896551724137904
1883,7,-0.15,-1.38,0.046896551724137904
1884,7,-0.3,-1.84,0.046896551724137904
1885,7,-0.34,-2.52,0.046896551724137904
1886,7,-0.3,-2.29,0.046896551724137904
1887,7,-0.38,-3.3299999999999996,0.046896551724137904
1888,7,-0.18,-1.47,0.046896551724137904
1889,7,0.06,0.7,0.046896551724137904
1890,7,-0.32,-2.4099999999999997,0.046896551724137904
1891,7,-0.23,-2.0900000000000003,0.046896551724137904
1892,7,-0.24,-1.39,0.046896551724137904
1893,7,-0.35,-3.1,0.046896551724137904
1894,7,-0.38,-3.0999999999999996,0.046896551724137904
1895,7,-0.25,-2.09,0.046896551724137904
1896,7,-0.17,-1.2699999999999998,0.046896551724137904
1897,7,-0.08,-0.7499999999999999,0.046896551724137904
1898,7,-0.25,-1.9700000000000002,0.046896551724137904
1899,7,-0.24,-1.95,0.046896551724137904
1900,7,-0.07,-0.74,0.046896551724137904
1901,7,-0.06,-0.6099999999999999,0.046896551724137904
1902,7,-0.19,-1.21,0.046896551724137904
1903,7,-0.29,-1.7200000000000002,0.046896551724137904
1904,7,-0.48,-3.64,0.046896551724137904
1905,7,-0.26,-2.18,0.046896551724137904
1906,7,-0.15,-1.44,0.046896551724137904
1907,7,-0.36,-2.5,0.046896551724137904
1908,7,-0.4,-2.89,0.046896551724137904
1909,7,-0.48,-3.7100000000000004,0.046896551724137904
1910,7,-0.36,-2.6399999999999997,0.046896551724137904
1911,7,-0.5,-3.7700000000000005,0.046896551724137904
1912,7,-0.26,-1.83,0.046896551724137904
1913,7,-0.38,-2.68,0.046896551724137904
1914,7,-0.17,-0.9700000000000002,0.046896551724137904
1915,7,-0.03,-0.39,0.046896551724137904
1916,7,-0.21,-1.19,0.046896551724137904
1917,7,-0.48,-3.8699999999999997,0.046896551724137904
1918,7,-0.39,-3.0300000000000002,0.046896551724137904
1919,7,-0.19,-1.04,0.046896551724137904
1920,7,-0.22,-1.3199999999999998,0.046896551724137904
1921,7,-0.21,-1.38,0.046896551724137904
1922,7,-0.25,-1.7,0.046896551724137904
1923,7,-0.29,-2.15,0.046896551724137904
1924,7,-0.17,-1.08,0.046896551724137904
1925,7,-0.27,-2.2800000000000002,0.046896551724137904
1926,7,-0.04,0.43,0.046896551724137904
1927,7,-0.23,-1.7,0.046896551724137904
1928,7,-0.17,-0.9800000000000001,0.046896551724137904
1929,7,-0.37,-2.5900000000000003,0.046896551724137904
1930,7,-0.17,-1.6099999999999999,0.046896551724137904
1931,7,-0.08,-0.58,0.046896551724137904
1932,7,-0.1,-0.27,0.046896551724137904
1933,7,-0.22,-1.46,0.046896551724137904
1934,7,-0.16,-1.3599999999999999,0.046896551724137904
1935,7,-0.19,-1.24,0.046896551724137904
1936,7,-0.17,-1.6199999999999999,0.046896551724137904
1937,7,-0.07,-0.51,0.046896551724137904
1938,7,0.0,0.24000000000000002,0.046896551724137904
1939,7,-0.06,-0.5599999999999999,0.046896551724137904
1940,7,0.14,1.0100000000000002,0.046896551724137904
1941,7,0.21,1.55,0.046896551724137904
1942,7,0.11,1.12,0.046896551724137904
1943,7,0.02,0.16,0.046896551724137904
1944,7,0.25,1.98,0.046896551724137904
1945,7,0.15,1.09,0.046896551724137904
1946,7,-0.01,0.44999999999999996,0.046896551724137904
1947,7,0.03,0.2,0.046896551724137904
1948,7,-0.05,-0.37,0.046896551724137904
1949,7,-0.04,-0.009999999999999995,0.046896551724137904
1950,7,-0.1,-1.07,0.046896551724137904
1951,7,-0.13,-1.67,0.046896551724137904
1952,7,0.06,0.6300000000000001,0.046896551724137904
1953,7,0.15,1.03,0.046896551724137904
1954,7,-0.12,-0.89,0.046896551724137904
1955,7,-0.13,-0.55,0.046896551724137904
1956,7,-0.16,-1.0,0.046896551724137904
1957,7,0.03,-0.15000000000000002,0.046896551724137904
1958,7,0.14,1.52,0.046896551724137904
1959,7,0.12,0.89,0.046896551724137904
1960,7,-0.03,-0.020000000000000004,0.046896551724137904
1961,7,0.12,0.9,0.046896551724137904
1962,7,0.06,0.6200000000000001,0.046896551724137904
1963,7,0.02,0.23,0.046896551724137904
1964,7,-0.13,-0.8700000000000001,0.046896551724137904
1965,7,-0.11,-0.8,0.046896551724137904
1966,7,-0.03,-0.52,0.046896551724137904
1967,7,-0.01,-0.42000000000000004,0.046896551724137904
1968,7,-0.06,-0.6700000000000002,0.046896551724137904
1969,7,0.07,0.10000000000000003,0.046896551724137904
1970,7,0.1,0.99,0.046896551724137904
1971,7,-0.07,-0.54,0.046896551724137904
1972,7,0.0,-0.53,0.046896551724137904
1973,7,0.28,2.1500000000000004,0.046896551724137904
1974,7,-0.07,-0.74,0.046896551724137904
1975,7,0.09,0.62,0.046896551724137904
1976,7,-0.08,-0.49000000000000005,0.046896551724137904
1977,7,0.25,1.69,0.046896551724137904
1978,7,0.12,0.9800000000000001,0.046896551724137904
1979,7,0.12,0.76,0.046896551724137904
1980,7,0.36,2.6499999999999995,0.046896551724137904
1981,7,0.38,3.08,0.046896551724137904
1982,7,0.14,0.91,0.046896551724137904
1983,7,0.36,2.98,0.046896551724137904
1984,7,0.22,1.76,0.046896551724137904
1985,7,0.16,1.3,0.046896551724137904
1986,7,0.26,2.1000000000000005,0.046896551724137904
1987,7,0.33,2.25,0.046896551724137904
1988,7,0.46,3.4899999999999998,0.046896551724137904
1989,7,0.25,1.57,0.046896551724137904
1990,7,0.49,3.33,0.046896551724137904
1991,7,0.46,3.08,0.046896551724137904
1992,7,0.34,2.8299999999999996,0.046896551724137904
1993,7,0.33,2.41,0.046896551724137904
1994,7,0.29,1.6600000000000001,0.046896551724137904
1995,7,0.52,3.95,0.046896551724137904
1996,7,0.35,2.48,0.046896551724137904
1997,7,0.42,2.58,0.046896551724137904
1998,7,0.7,4.75,0.046896551724137904
1999,7,0.42,3.2600000000000002,0.046896551724137904
2000,7,0.45,3.1,0.046896551724137904
2001,7,0.53,3.41,0.046896551724137904
2002,7,0.66,4.78,0.046896551724137904
2003,7,0.6,4.48,0.046896551724137904
2004,7,0.55,4.34,0.046896551724137904
2005,7,0.69,4.959999999999999,0.046896551724137904
2006,7,0.62,4.489999999999999,0.046896551724137904
2007,7,0.7,5.449999999999999,0.046896551724137904
2008,7,0.49,2.91,0.046896551724137904
2009,7,0.62,4.25,0.046896551724137904
2010,7,0.79,5.69,0.046896551724137904
2011,7,0.61,4.05,0.046896551724137904
2012,7,0.62,3.97,0.046896551724137904
2013,7,0.65,4.5600000000000005,0.046896551724137904
2014,7,0.73,5.09,0.046896551724137904
2015,7,0.85,5.99,0.046896551724137904
2016,7,1.1,8.49,0.046896551724137904
2017,7,0.96,7.2299999999999995,0.046896551724137904
2018,7,0.85,6.029999999999999,0.046896551724137904
2019,7,0.97,6.77,0.046896551724137904
2020,7,1.07,7.96,0.046896551724137904
2021,7,0.82,5.59,0.046896551724137904
2022,7,0.92,6.49,0.046896551724137904
2023,7,1.05,7.02,0.046896551724137904
1850,8,-0.2,-2.3900000000000006,0.050287356321839
1851,8,-0.13,-1.3900000000000001,0.050287356321839
1852,8,-0.1,-1.23,0.050287356321839
1853,8,-0.1,-1.2999999999999998,0.050287356321839
1854,8,-0.11,-1.3100000000000003,0.050287356321839
1855,8,-0.08,-0.61,0.050287356321839
1856,8,-0.1,-0.09999999999999999,0.050287356321839
1857,8,-0.23,-1.84,0.050287356321839
1858,8,-0.19,-1.46,0.050287356321839
1859,8,-0.06,-0.6500000000000001,0.050287356321839
1860,8,-0.2,-1.5199999999999998,0.050287356321839
1861,8,-0.35,-3.7100000000000004,0.050287356321839
1862,8,-0.38,-3.4099999999999997,0.050287356321839
1863,8,-0.2,-1.4899999999999998,0.050287356321839
1864,8,-0.19,-1.9799999999999998,0.050287356321839
1865,8,-0.11,-0.73,0.050287356321839
1866,8,-0.1,-0.49,0.050287356321839
1867,8,-0.23,-2.02,0.050287356321839
1868,8,-0.15,-1.8599999999999997,0.050287356321839
1869,8,-0.05,0.03,0.050287356321839
1870,8,-0.12,-1.3399999999999999,0.050287356321839
1871,8,-0.12,-1.65,0.050287356321839
1872,8,-0.18,-1.8599999999999999,0.050287356321839
1873,8,-0.21,-2.02,0.050287356321839
1874,8,-0.25,-2.02,0.050287356321839
1875,8,-0.16,-1.3499999999999999,0.050287356321839
1876,8,-0.26,-2.25,0.050287356321839
1877,8,0.06,-0.12,0.050287356321839
1878,8,0.19,1.5899999999999999,0.050287356321839
1879,8,-0.09,-0.6599999999999999,0.050287356321839
1880,8,-0.18,-1.9899999999999998,0.050287356321839
1881,8,-0.05,-0.59,0.050287356321839
1882,8,-0.11,-0.37,0.050287356321839
1883,8,-0.16,-1.5399999999999998,0.050287356321839
1884,8,-0.3,-2.14,0.050287356321839
1885,8,-0.32,-2.84,0.050287356321839
1886,8,-0.29,-2.58,0.050287356321839
1887,8,-0.36,-3.6899999999999995,0.050287356321839
1888,8,-0.17,-1.64,0.050287356321839
1889,8,0.04,0.74,0.050287356321839
1890,8,-0.32,-2.7299999999999995,0.050287356321839
1891,8,-0.22,-2.3100000000000005,0.050287356321839
1892,8,-0.24,-1.63,0.050287356321839
1893,8,-0.34,-3.44,0.050287356321839
1894,8,-0.35,-3.4499999999999997,0.050287356321839
1895,8,-0.23,-2.32,0.050287356321839
1896,8,-0.15,-1.4199999999999997,0.050287356321839
1897,8,-0.07,-0.8199999999999998,0.050287356321839
1898,8,-0.24,-2.21,0.050287356321839
1899,8,-0.21,-2.16,0.050287356321839
1900,8,-0.07,-0.81,0.050287356321839
1901,8,-0.07,-0.6799999999999999,0.050287356321839
1902,8,-0.19,-1.4,0.050287356321839
1903,8,-0.3,-2.02,0.050287356321839
1904,8,-0.47,-4.11,0.050287356321839
1905,8,-0.26,-2.4400000000000004,0.050287356321839
1906,8,-0.16,-1.5999999999999999,0.050287356321839
1907,8,-0.35,-2.85,0.050287356321839
1908,8,-0.4,-3.29,0.050287356321839
1909,8,-0.46,-4.170000000000001,0.050287356321839
1910,8,-0.35,-2.9899999999999998,0.050287356321839
1911,8,-0.48,-4.25,0.050287356321839
1912,8,-0.28,-2.1100000000000003,0.050287356321839
1913,8,-0.36,-3.04,0.050287356321839
1914,8,-0.18,-1.1500000000000001,0.050287356321839
1915,8,-0.04,-0.43,0.050287356321839
1916,8,-0.21,-1.4,0.050287356321839
1917,8,-0.45,-4.319999999999999,0.050287356321839
1918,8,-0.38,-3.41,0.050287356321839
1919,8,-0.21,-1.25,0.050287356321839
1920,8,-0.22,-1.5399999999999998,0.050287356321839
1921,8,-0.2,-1.5799999999999998,0.050287356321839
1922,8,-0.26,-1.96,0.050287356321839
1923,8,-0.3,-2.4499999999999997,0.050287356321839
1924,8,-0.19,-1.27,0.050287356321839
1925,8,-0.26,-2.54,0.050287356321839
1926,8,-0.05,0.38,0.050287356321839
1927,8,-0.21,-1.91,0.050287356321839
1928,8,-0.18,-1.1600000000000001,0.050287356321839
1929,8,-0.35,-2.9400000000000004,0.050287356321839
1930,8,-0.17,-1.7799999999999998,0.050287356321839
1931,8,-0.07,-0.6499999999999999,0.050287356321839
1932,8,-0.12,-0.39,0.050287356321839
1933,8,-0.22,-1.68,0.050287356321839
1934,8,-0.15,-1.5099999999999998,0.050287356321839
1935,8,-0.18,-1.42,0.050287356321839
1936,8,-0.15,-1.7699999999999998,0.050287356321839
1937,8,-0.05,-0.56,0.050287356321839
1938,8,-0.01,0.23,0.050287356321839
1939,8,-0.04,-0.6,0.050287356321839
1940,8,0.13,1.1400000000000001,0.050287356321839
1941,8,0.22,1.77,0.050287356321839
1942,8,0.11,1.2300000000000002,0.050287356321839
1943,8,0.02,0.18,0.050287356321839
1944,8,0.24,2.2199999999999998,0.050287356321839
1945,8,0.17,1.26,0.050287356321839
1946,8,-0.02,0.42999999999999994,0.050287356321839
1947,8,0.02,0.22,0.050287356321839
1948,8,-0.05,-0.42,0.050287356321839
1949,8,-0.04,-0.049999999999999996,0.050287356321839
1950,8,-0.1,-1.1700000000000002,0.050287356321839
1951,8,-0.1,-1.77,0.050287356321839
1952,8,0.06,0.6900000000000002,0.050287356321839
1953,8,0.14,1.17,0.050287356321839
1954,8,-0.12,-1.01,0.050287356321839
1955,8,-0.11,-0.66,0.050287356321839
1956,8,-0.17,-1.17,0.050287356321839
1957,8,0.05,-0.10000000000000002,0.050287356321839
1958,8,0.13,1.65,0.050287356321839
1959,8,0.11,1.0,0.050287356321839
1960,8,-0.02,-0.04000000000000001,0.050287356321839
1961,8,0.12,1.02,0.050287356321839
1962,8,0.06,0.6800000000000002,0.050287356321839
1963,8,0.04,0.27,0.050287356321839
1964,8,-0.13,-1.0,0.050287356321839
1965,8,-0.1,-0.9,0.050287356321839
1966,8,-0.02,-0.54,0.050287356321839
1967,8,0.0,-0.42000000000000004,0.050287356321839
1968,8,-0.05,-0.7200000000000002,0.050287356321839
1969,8,0.07,0.17000000000000004,0.050287356321839
1970,8,0.08,1.07,0.050287356321839
1971,8,-0.06,-0.6000000000000001,0.050287356321839
1972,8,0.03,-0.5,0.050287356321839
1973,8,0.26,2.41,0.050287356321839
1974,8,-0.04,-0.78,0.050287356321839
1975,8,0.07,0.69,0.050287356321839
1976,8,-0.07,-0.56,0.050287356321839
1977,8,0.25,1.94,0.050287356321839
1978,8,0.1,1.08,0.050287356321839
1979,8,0.13,0.89,0.050287356321839
1980,8,0.35,2.9999999999999996,0.050287356321839
1981,8,0.38,3.46,0.050287356321839
1982,8,0.13,1.04,0.050287356321839
1983,8,0.36,3.34,0.050287356321839
1984,8,0.22,1.98,0.050287356321839
1985,8,0.16,1.46,0.050287356321839
1986,8,0.26,2.3600000000000003,0.050287356321839
1987,8,0.33,2.58,0.050287356321839
1988,8,0.45,3.94,0.050287356321839
1989,8,0.26,1.83,0.050287356321839
1990,8,0.48,3.81,0.050287356321839
1991,8,0.46,3.54,0.050287356321839
1992,8,0.31,3.1399999999999997,0.050287356321839
1993,8,0.31,2.72,0.050287356321839
1994,8,0.29,1.9500000000000002,0.050287356321839
1995,8,0.52,4.470000000000001,0.050287356321839
1996,8,0.37,2.85,0.050287356321839
1997,8,0.42,3.0,0.050287356321839
1998,8,0.7,5.45,0.050287356321839
1999,8,0.42,3.68,0.050287356321839
2000,8,0.45,3.5500000000000003,0.050287356321839
2001,8,0.53,3.9400000000000004,0.050287356321839
2002,8,0.65,5.430000000000001,0.050287356321839
2003,8,0.6,5.08,0.050287356321839
2004,8,0.54,4.88,0.050287356321839
2005,8,0.68,5.639999999999999,0.050287356321839
2006,8,0.63,5.119999999999999,0.050287356321839
2007,8,0.69,6.139999999999999,0.050287356321839
2008,8,0.49,3.4000000000000004,0.050287356321839
2009,8,0.63,4.88,0.050287356321839
2010,8,0.77,6.460000000000001,0.050287356321839
2011,8,0.62,4.67,0.050287356321839
2012,8,0.63,4.6000000000000005,0.050287356321839
2013,8,0.65,5.210000000000001,0.050287356321839
2014,8,0.74,5.83,0.050287356321839
2015,8,0.85,6.84,0.050287356321839
2016,8,1.09,9.58,0.050287356321839
2017,8,0.95,8.18,0.050287356321839
2018,8,0.85,6.879999999999999,0.050287356321839
2019,8,0.96,7.7299999999999995,0.050287356321839
2020,8,1.05,9.01,0.050287356321839
2021,8,0.83,6.42,0.050287356321839
2022,8,0.92,7.41,0.050287356321839
2023,8,1.08,8.1,0.050287356321839
1850,9,-0.19,-2.5800000000000005,0.05086206896551713
1851,9,-0.11,-1.5000000000000002,0.05086206896551713
1852,9,-0.08,-1.31,0.05086206896551713
1853,9,-0.1,-1.4,0.05086206896551713
1854,9,-0.1,-1.4100000000000004,0.05086206896551713
1855,9,-0.08,-0.69,0.05086206896551713
1856,9,-0.12,-0.21999999999999997,0.05086206896551713
1857,9,-0.23,-2.0700000000000003,0.05086206896551713
1858,9,-0.19,-1.65,0.05086206896551713
1859,9,-0.07,-0.7200000000000002,0.05086206896551713
1860,9,-0.21,-1.7299999999999998,0.05086206896551713
1861,9,-0.32,-4.03,0.05086206896551713
1862,9,-0.37,-3.78,0.05086206896551713
1863,9,-0.22,-1.7099999999999997,0.05086206896551713
1864,9,-0.2,-2.1799999999999997,0.05086206896551713
1865,9,-0.1,-0.83,0.05086206896551713
1866,9,-0.11,-0.6,0.05086206896551713
1867,9,-0.21,-2.23,0.05086206896551713
1868,9,-0.14,-1.9999999999999996,0.05086206896551713
1869,9,-0.06,-0.03,0.05086206896551713
1870,9,-0.12,-1.46,0.05086206896551713
1871,9,-0.13,-1.7799999999999998,0.05086206896551713
1872,9,-0.17,-2.03,0.05086206896551713
1873,9,-0.2,-2.22,0.05086206896551713
1874,9,-0.24,-2.26,0.05086206896551713
1875,9,-0.17,-1.5199999999999998,0.05086206896551713
1876,9,-0.25,-2.5,0.05086206896551713
1877,9,0.07,-0.04999999999999999,0.05086206896551713
1878,9,0.18,1.7699999999999998,0.05086206896551713
1879,9,-0.1,-0.7599999999999999,0.05086206896551713
1880,9,-0.18,-2.17,0.05086206896551713
1881,9,-0.07,-0.6599999999999999,0.05086206896551713
1882,9,-0.12,-0.49,0.05086206896551713
1883,9,-0.17,-1.7099999999999997,0.05086206896551713
1884,9,-0.3,-2.44,0.05086206896551713
1885,9,-0.32,-3.1599999999999997,0.05086206896551713
1886,9,-0.29,-2.87,0.05086206896551713
1887,9,-0.34,-4.029999999999999,0.05086206896551713
1888,9,-0.17,-1.8099999999999998,0.05086206896551713
1889,9,0.02,0.76,0.05086206896551713
1890,9,-0.33,-3.0599999999999996,0.05086206896551713
1891,9,-0.22,-2.5300000000000007,0.05086206896551713
1892,9,-0.24,-1.8699999999999999,0.05086206896551713
1893,9,-0.33,-3.77,0.05086206896551713
1894,9,-0.35,-3.8,0.05086206896551713
1895,9,-0.23,-2.55,0.05086206896551713
1896,9,-0.14,-1.5599999999999996,0.05086206896551713
1897,9,-0.08,-0.8999999999999998,0.05086206896551713
1898,9,-0.23,-2.44,0.05086206896551713
1899,9,-0.18,-2.3400000000000003,0.05086206896551713
1900,9,-0.07,-0.8800000000000001,0.05086206896551713
1901,9,-0.08,-0.7599999999999999,0.05086206896551713
1902,9,-0.19,-1.5899999999999999,0.05086206896551713
1903,9,-0.32,-2.34,0.05086206896551713
1904,9,-0.47,-4.58,0.05086206896551713
1905,9,-0.26,-2.7,0.05086206896551713
1906,9,-0.17,-1.7699999999999998,0.05086206896551713
1907,9,-0.34,-3.19,0.05086206896551713
1908,9,-0.4,-3.69,0.05086206896551713
1909,9,-0.45,-4.620000000000001,0.05086206896551713
1910,9,-0.35,-3.34,0.05086206896551713
1911,9,-0.47,-4.72,0.05086206896551713
1912,9,-0.3,-2.41,0.05086206896551713
1913,9,-0.36,-3.4,0.05086206896551713
1914,9,-0.18,-1.33,0.05086206896551713
1915,9,-0.05,-0.48,0.05086206896551713
1916,9,-0.22,-1.6199999999999999,0.05086206896551713
1917,9,-0.42,-4.739999999999999,0.05086206896551713
1918,9,-0.35,-3.7600000000000002,0.05086206896551713
1919,9,-0.21,-1.46,0.05086206896551713
1920,9,-0.22,-1.7599999999999998,0.05086206896551713
1921,9,-0.19,-1.7699999999999998,0.05086206896551713
1922,9,-0.26,-2.2199999999999998,0.05086206896551713
1923,9,-0.3,-2.7499999999999996,0.05086206896551713
1924,9,-0.2,-1.47,0.05086206896551713
1925,9,-0.26,-2.8,0.05086206896551713
1926,9,-0.06,0.32,0.05086206896551713
1927,9,-0.19,-2.1,0.05086206896551713
1928,9,-0.17,-1.33,0.05086206896551713
1929,9,-0.34,-3.2800000000000002,0.05086206896551713
1930,9,-0.16,-1.9399999999999997,0.05086206896551713
1931,9,-0.06,-0.71,0.05086206896551713
1932,9,-0.11,-0.5,0.05086206896551713
1933,9,-0.23,-1.91,0.05086206896551713
1934,9,-0.14,-1.65,0.05086206896551713
1935,9,-0.17,-1.5899999999999999,0.05086206896551713
1936,9,-0.14,-1.9099999999999997,0.05086206896551713
1937,9,-0.03,-0.5900000000000001,0.05086206896551713
1938,9,0.0,0.23,0.05086206896551713
1939,9,-0.04,-0.64,0.05086206896551713
1940,9,0.13,1.27,0.05086206896551713
1941,9,0.21,1.98,0.05086206896551713
1942,9,0.1,1.3300000000000003,0.05086206896551713
1943,9,0.03,0.21,0.05086206896551713
1944,9,0.25,2.4699999999999998,0.05086206896551713
1945,9,0.18,1.44,0.05086206896551713
1946,9,-0.03,0.3999999999999999,0.05086206896551713
1947,9,0.01,0.23,0.05086206896551713
1948,9,-0.05,-0.47,0.05086206896551713
1949,9,-0.05,-0.1,0.05086206896551713
1950,9,-0.1,-1.2700000000000002,0.05086206896551713
1951,9,-0.07,-1.84,0.05086206896551713
1952,9,0.06,0.7500000000000002,0.05086206896551713
1953,9,0.12,1.29,0.05086206896551713
1954,9,-0.11,-1.12,0.05086206896551713
1955,9,-0.1,-0.76,0.05086206896551713
1956,9,-0.18,-1.3499999999999999,0.05086206896551713
1957,9,0.05,-0.05000000000000002,0.05086206896551713
1958,9,0.11,1.76,0.05086206896551713
1959,9,0.1,1.1,0.05086206896551713
1960,9,-0.01,-0.05000000000000001,0.05086206896551713
1961,9,0.11,1.1300000000000001,0.05086206896551713
1962,9,0.05,0.7300000000000002,0.05086206896551713
1963,9,0.06,0.33,0.05086206896551713
1964,9,-0.14,-1.1400000000000001,0.05086206896551713
1965,9,-0.1,-1.0,0.05086206896551713
1966,9,-0.02,-0.56,0.05086206896551713
1967,9,0.0,-0.42000000000000004,0.05086206896551713
1968,9,-0.06,-0.7800000000000002,0.05086206896551713
1969,9,0.07,0.24000000000000005,0.05086206896551713
1970,9,0.08,1.1500000000000001,0.05086206896551713
1971,9,-0.05,-0.6500000000000001,0.05086206896551713
1972,9,0.04,-0.46,0.05086206896551713
1973,9,0.24,2.6500000000000004,0.05086206896551713
1974,9,-0.04,-0.8200000000000001,0.05086206896551713
1975,9,0.06,0.75,0.05086206896551713
1976,9,-0.06,-0.6200000000000001,0.05086206896551713
1977,9,0.23,2.17,0.05086206896551713
1978,9,0.1,1.1800000000000002,0.05086206896551713
1979,9,0.15,1.04,0.05086206896551713
1980,9,0.34,3.3399999999999994,0.05086206896551713
1981,9,0.36,3.82,0.05086206896551713
1982,9,0.14,1.1800000000000002,0.05086206896551713
1983,9,0.37,3.71,0.05086206896551713
1984,9,0.22,2.2,0.05086206896551713
1985,9,0.16,1.6199999999999999,0.05086206896551713
1986,9,0.24,2.6000000000000005,0.05086206896551713
1987,9,0.34,2.92,0.05086206896551713
1988,9,0.45,4.39,0.05086206896551713
1989,9,0.28,2.1100000000000003,0.05086206896551713
1990,9,0.46,4.2700000000000005,0.05086206896551713
1991,9,0.45,3.99,0.05086206896551713
1992,9,0.28,3.42,0.05086206896551713
1993,9,0.29,3.0100000000000002,0.05086206896551713
1994,9,0.29,2.24,0.05086206896551713
1995,9,0.51,4.98,0.05086206896551713
1996,9,0.36,3.21,0.05086206896551713
1997,9,0.44,3.44,0.05086206896551713
1998,9,0.68,6.13,0.05086206896551713
1999,9,0.42,4.1000000000000005,0.05086206896551713
2000,9,0.45,4.0,0.05086206896551713
2001,9,0.53,4.470000000000001,0.05086206896551713
2002,9,0.64,6.07,0.05086206896551713
2003,9,0.61,5.69,0.05086206896551713
2004,9,0.54,5.42,0.05086206896551713
2005,9,0.68,6.3199999999999985,0.05086206896551713
2006,9,0.63,5.749999999999999,0.05086206896551713
2007,9,0.68,6.8199999999999985,0.05086206896551713
2008,9,0.51,3.91,0.05086206896551713
2009,9,0.65,5.53,0.05086206896551713
2010,9,0.76,7.220000000000001,0.05086206896551713
2011,9,0.62,5.29,0.05086206896551713
2012,9,0.64,5.24,0.05086206896551713
2013,9,0.66,5.870000000000001,0.05086206896551713
2014,9,0.76,6.59,0.05086206896551713
2015,9,0.86,7.7,0.05086206896551713
2016,9,1.07,10.65,0.05086206896551713
2017,9,0.94,9.12,0.05086206896551713
2018,9,0.85,7.729999999999999,0.05086206896551713
2019,9,0.96,8.69,0.05086206896551713
2020,9,1.04,10.05,0.05086206896551713
2021,9,0.84,7.26,0.05086206896551713
2022,9,0.91,8.32,0.05086206896551713
2023,9,1.11,9.209999999999999,0.05086206896551713
1850,10,-0.21,-2.7900000000000005,0.05103448275862075
1851,10,-0.09,-1.5900000000000003,0.05103448275862075
1852,10,-0.07,-1.3800000000000001,0.05103448275862075
1853,10,-0.1,-1.5,0.05103448275862075
1854,10,-0.08,-1.4900000000000004,0.05103448275862075
1855,10,-0.08,-0.7699999999999999,0.05103448275862075
1856,10,-0.15,-0.37,0.05103448275862075
1857,10,-0.22,-2.2900000000000005,0.05103448275862075
1858,10,-0.19,-1.8399999999999999,0.05103448275862075
1859,10,-0.08,-0.8000000000000002,0.05103448275862075
1860,10,-0.22,-1.9499999999999997,0.05103448275862075
1861,10,-0.32,-4.3500000000000005,0.05103448275862075
1862,10,-0.37,-4.1499999999999995,0.05103448275862075
1863,10,-0.22,-1.9299999999999997,0.05103448275862075
1864,10,-0.21,-2.3899999999999997,0.05103448275862075
1865,10,-0.1,-0.9299999999999999,0.05103448275862075
1866,10,-0.11,-0.71,0.05103448275862075
1867,10,-0.2,-2.43,0.05103448275862075
1868,10,-0.13,-2.1299999999999994,0.05103448275862075
1869,10,-0.07,-0.1,0.05103448275862075
1870,10,-0.13,-1.5899999999999999,0.05103448275862075
1871,10,-0.14,-1.92,0.05103448275862075
1872,10,-0.17,-2.1999999999999997,0.05103448275862075
1873,10,-0.19,-2.41,0.05103448275862075
1874,10,-0.24,-2.5,0.05103448275862075
1875,10,-0.17,-1.6899999999999997,0.05103448275862075
1876,10,-0.24,-2.74,0.05103448275862075
1877,10,0.09,0.04000000000000001,0.05103448275862075
1878,10,0.16,1.9299999999999997,0.05103448275862075
1879,10,-0.11,-0.8699999999999999,0.05103448275862075
1880,10,-0.18,-2.35,0.05103448275862075
1881,10,-0.09,-0.7499999999999999,0.05103448275862075
1882,10,-0.14,-0.63,0.05103448275862075
1883,10,-0.18,-1.8899999999999997,0.05103448275862075
1884,10,-0.31,-2.75,0.05103448275862075
1885,10,-0.31,-3.4699999999999998,0.05103448275862075
1886,10,-0.29,-3.16,0.05103448275862075
1887,10,-0.35,-4.379999999999999,0.05103448275862075
1888,10,-0.14,-1.9499999999999997,0.05103448275862075
1889,10,0.0,0.76,0.05103448275862075
1890,10,-0.33,-3.3899999999999997,0.05103448275862075
1891,10,-0.22,-2.750000000000001,0.05103448275862075
1892,10,-0.24,-2.11,0.05103448275862075
1893,10,-0.33,-4.1,0.05103448275862075
1894,10,-0.34,-4.14,0.05103448275862075
1895,10,-0.22,-2.77,0.05103448275862075
1896,10,-0.12,-1.6799999999999997,0.05103448275862075
1897,10,-0.09,-0.9899999999999998,0.05103448275862075
1898,10,-0.24,-2.6799999999999997,0.05103448275862075
1899,10,-0.18,-2.5200000000000005,0.05103448275862075
1900,10,-0.06,-0.9400000000000002,0.05103448275862075
1901,10,-0.1,-0.8599999999999999,0.05103448275862075
1902,10,-0.2,-1.7899999999999998,0.05103448275862075
1903,10,-0.34,-2.6799999999999997,0.05103448275862075
1904,10,-0.46,-5.04,0.05103448275862075
1905,10,-0.26,-2.96,0.05103448275862075
1906,10,-0.16,-1.9299999999999997,0.05103448275862075
1907,10,-0.33,-3.52,0.05103448275862075
1908,10,-0.41,-4.1,0.05103448275862075
1909,10,-0.43,-5.050000000000001,0.05103448275862075
1910,10,-0.35,-3.69,0.05103448275862075
1911,10,-0.44,-5.16,0.05103448275862075
1912,10,-0.33,-2.74,0.05103448275862075
1913,10,-0.35,-3.75,0.05103448275862075
1914,10,-0.17,-1.5,0.05103448275862075
1915,10,-0.07,-0.55,0.05103448275862075
1916,10,-0.23,-1.8499999999999999,0.05103448275862075
1917,10,-0.42,-5.159999999999999,0.05103448275862075
1918,10,-0.33,-4.09,0.05103448275862075
1919,10,-0.21,-1.67,0.05103448275862075
1920,10,-0.21,-1.9699999999999998,0.05103448275862075
1921,10,-0.18,-1.9499999999999997,0.05103448275862075
1922,10,-0.27,-2.4899999999999998,0.05103448275862075
1923,10,-0.29,-3.0399999999999996,0.05103448275862075
1924,10,-0.21,-1.68,0.05103448275862075
1925,10,-0.24,-3.04,0.05103448275862075
1926,10,-0.05,0.27,0.05103448275862075
1927,10,-0.17,-2.27,0.05103448275862075
1928,10,-0.17,-1.5,0.05103448275862075
1929,10,-0.32,-3.6,0.05103448275862075
1930,10,-0.16,-2.0999999999999996,0.05103448275862075
1931,10,-0.05,-0.76,0.05103448275862075
1932,10,-0.11,-0.61,0.05103448275862075
1933,10,-0.23,-2.14,0.05103448275862075
1934,10,-0.13,-1.7799999999999998,0.05103448275862075
1935,10,-0.16,-1.7499999999999998,0.05103448275862075
1936,10,-0.13,-2.0399999999999996,0.05103448275862075
1937,10,-0.02,-0.6100000000000001,0.05103448275862075
1938,10,0.01,0.24000000000000002,0.05103448275862075
1939,10,-0.04,-0.68,0.05103448275862075
1940,10,0.13,1.4,0.05103448275862075
1941,10,0.22,2.2,0.05103448275862075
1942,10,0.09,1.4200000000000004,0.05103448275862075
1943,10,0.05,0.26,0.05103448275862075
1944,10,0.25,2.7199999999999998,0.05103448275862075
1945,10,0.17,1.6099999999999999,0.05103448275862075
1946,10,-0.03,0.3699999999999999,0.05103448275862075
1947,10,0.01,0.24000000000000002,0.05103448275862075
1948,10,-0.05,-0.52,0.05103448275862075
1949,10,-0.06,-0.16,0.05103448275862075
1950,10,-0.11,-1.3800000000000003,0.05103448275862075
1951,10,-0.05,-1.8900000000000001,0.05103448275862075
1952,10,0.06,0.8100000000000003,0.05103448275862075
1953,10,0.12,1.4100000000000001,0.05103448275862075
1954,10,-0.11,-1.2300000000000002,0.05103448275862075
1955,10,-0.1,-0.86,0.05103448275862075
1956,10,-0.18,-1.5299999999999998,0.05103448275862075
1957,10,0.05,-1.3877787807814457E-17,0.05103448275862075
1958,10,0.1,1.86,0.05103448275862075
1959,10,0.09,1.1900000000000002,0.05103448275862075
1960,10,0.0,-0.05000000000000001,0.05103448275862075
1961,10,0.1,1.2300000000000002,0.05103448275862075
1962,10,0.05,0.7800000000000002,0.05103448275862075
1963,10,0.07,0.4,0.05103448275862075
1964,10,-0.16,-1.3,0.05103448275862075
1965,10,-0.09,-1.09,0.05103448275862075
1966,10,-0.03,-0.5900000000000001,0.05103448275862075
1967,10,0.01,-0.41000000000000003,0.05103448275862075
1968,10,-0.04,-0.8200000000000003,0.05103448275862075
1969,10,0.08,0.32000000000000006,0.05103448275862075
1970,10,0.07,1.2200000000000002,0.05103448275862075
1971,10,-0.05,-0.7000000000000002,0.05103448275862075
1972,10,0.04,-0.42000000000000004,0.05103448275862075
1973,10,0.23,2.8800000000000003,0.05103448275862075
1974,10,-0.04,-0.8600000000000001,0.05103448275862075
1975,10,0.04,0.79,0.05103448275862075
1976,10,-0.08,-0.7000000000000001,0.05103448275862075
1977,10,0.22,2.39,0.05103448275862075
1978,10,0.1,1.2800000000000002,0.05103448275862075
1979,10,0.16,1.2,0.05103448275862075
1980,10,0.32,3.6599999999999993,0.05103448275862075
1981,10,0.35,4.17,0.05103448275862075
1982,10,0.14,1.3200000000000003,0.05103448275862075
1983,10,0.36,4.07,0.05103448275862075
1984,10,0.22,2.4200000000000004,0.05103448275862075
1985,10,0.16,1.7799999999999998,0.05103448275862075
1986,10,0.23,2.8300000000000005,0.05103448275862075
1987,10,0.34,3.26,0.05103448275862075
1988,10,0.44,4.83,0.05103448275862075
1989,10,0.28,2.3900000000000006,0.05103448275862075
1990,10,0.45,4.720000000000001,0.05103448275862075
1991,10,0.44,4.430000000000001,0.05103448275862075
1992,10,0.26,3.6799999999999997,0.05103448275862075
1993,10,0.29,3.3000000000000003,0.05103448275862075
1994,10,0.31,2.5500000000000003,0.05103448275862075
1995,10,0.5,5.48,0.05103448275862075
1996,10,0.34,3.55,0.05103448275862075
1997,10,0.46,3.9,0.05103448275862075
1998,10,0.66,6.79,0.05103448275862075
1999,10,0.41,4.510000000000001,0.05103448275862075
2000,10,0.43,4.43,0.05103448275862075
2001,10,0.53,5.000000000000001,0.05103448275862075
2002,10,0.64,6.71,0.05103448275862075
2003,10,0.62,6.3100000000000005,0.05103448275862075
2004,10,0.55,5.97,0.05103448275862075
2005,10,0.69,7.009999999999998,0.05103448275862075
2006,10,0.64,6.389999999999999,0.05103448275862075
2007,10,0.67,7.489999999999998,0.05103448275862075
2008,10,0.52,4.43,0.05103448275862075
2009,10,0.65,6.180000000000001,0.05103448275862075
2010,10,0.75,7.970000000000001,0.05103448275862075
2011,10,0.62,5.91,0.05103448275862075
2012,10,0.66,5.9,0.05103448275862075
2013,10,0.66,6.530000000000001,0.05103448275862075
2014,10,0.76,7.35,0.05103448275862075
2015,10,0.88,8.58,0.05103448275862075
2016,10,1.05,11.700000000000001,0.05103448275862075
2017,10,0.94,10.059999999999999,0.05103448275862075
2018,10,0.86,8.589999999999998,0.05103448275862075
2019,10,0.97,9.66,0.05103448275862075
2020,10,1.03,11.08,0.05103448275862075
2021,10,0.85,8.11,0.05103448275862075
2022,10,0.92,9.24,0.05103448275862075
2023,10,1.14,10.35,0.05103448275862075
1850,11,-0.21,-3.0000000000000004,0.05074712643678156
1851,11,-0.09,-1.6800000000000004,0.05074712643678156
1852,11,-0.06,-1.4400000000000002,0.05074712643678156
1853,11,-0.11,-1.61,0.05074712643678156
1854,11,-0.08,-1.5700000000000005,0.05074712643678156
1855,11,-0.08,-0.8499999999999999,0.05074712643678156
1856,11,-0.15,-0.52,0.05074712643678156
1857,11,-0.22,-2.5100000000000007,0.05074712643678156
1858,11,-0.19,-2.03,0.05074712643678156
1859,11,-0.08,-0.8800000000000001,0.05074712643678156
1860,11,-0.22,-2.17,0.05074712643678156
1861,11,-0.3,-4.65,0.05074712643678156
1862,11,-0.35,-4.499999999999999,0.05074712643678156
1863,11,-0.22,-2.15,0.05074712643678156
1864,11,-0.21,-2.5999999999999996,0.05074712643678156
1865,11,-0.1,-1.03,0.05074712643678156
1866,11,-0.12,-0.83,0.05074712643678156
1867,11,-0.19,-2.62,0.05074712643678156
1868,11,-0.14,-2.2699999999999996,0.05074712643678156
1869,11,-0.06,-0.16,0.05074712643678156
1870,11,-0.14,-1.73,0.05074712643678156
1871,11,-0.16,-2.08,0.05074712643678156
1872,11,-0.18,-2.38,0.05074712643678156
1873,11,-0.2,-2.6100000000000003,0.05074712643678156
1874,11,-0.24,-2.74,0.05074712643678156
1875,11,-0.19,-1.8799999999999997,0.05074712643678156
1876,11,-0.24,-2.9800000000000004,0.05074712643678156
1877,11,0.11,0.15000000000000002,0.05074712643678156
1878,11,0.13,2.0599999999999996,0.05074712643678156
1879,11,-0.12,-0.9899999999999999,0.05074712643678156
1880,11,-0.18,-2.5300000000000002,0.05074712643678156
1881,11,-0.1,-0.8499999999999999,0.05074712643678156
1882,11,-0.15,-0.78,0.05074712643678156
1883,11,-0.19,-2.0799999999999996,0.05074712643678156
1884,11,-0.32,-3.07,0.05074712643678156
1885,11,-0.31,-3.78,0.05074712643678156
1886,11,-0.29,-3.45,0.05074712643678156
1887,11,-0.34,-4.719999999999999,0.05074712643678156
1888,11,-0.12,-2.07,0.05074712643678156
1889,11,-0.03,0.73,0.05074712643678156
1890,11,-0.34,-3.7299999999999995,0.05074712643678156
1891,11,-0.23,-2.980000000000001,0.05074712643678156
1892,11,-0.26,-2.37,0.05074712643678156
1893,11,-0.33,-4.43,0.05074712643678156
1894,11,-0.34,-4.4799999999999995,0.05074712643678156
1895,11,-0.22,-2.99,0.05074712643678156
1896,11,-0.12,-1.7999999999999998,0.05074712643678156
1897,11,-0.09,-1.0799999999999998,0.05074712643678156
1898,11,-0.25,-2.9299999999999997,0.05074712643678156
1899,11,-0.17,-2.6900000000000004,0.05074712643678156
1900,11,-0.06,-1.0000000000000002,0.05074712643678156
1901,11,-0.11,-0.9699999999999999,0.05074712643678156
1902,11,-0.21,-1.9999999999999998,0.05074712643678156
1903,11,-0.34,-3.0199999999999996,0.05074712643678156
1904,11,-0.44,-5.48,0.05074712643678156
1905,11,-0.25,-3.21,0.05074712643678156
1906,11,-0.17,-2.0999999999999996,0.05074712643678156
1907,11,-0.34,-3.86,0.05074712643678156
1908,11,-0.41,-4.51,0.05074712643678156
1909,11,-0.42,-5.470000000000001,0.05074712643678156
1910,11,-0.35,-4.04,0.05074712643678156
1911,11,-0.42,-5.58,0.05074712643678156
1912,11,-0.33,-3.0700000000000003,0.05074712643678156
1913,11,-0.34,-4.09,0.05074712643678156
1914,11,-0.15,-1.65,0.05074712643678156
1915,11,-0.07,-0.6200000000000001,0.05074712643678156
1916,11,-0.26,-2.11,0.05074712643678156
1917,11,-0.42,-5.579999999999999,0.05074712643678156
1918,11,-0.31,-4.3999999999999995,0.05074712643678156
1919,11,-0.22,-1.89,0.05074712643678156
1920,11,-0.21,-2.1799999999999997,0.05074712643678156
1921,11,-0.17,-2.1199999999999997,0.05074712643678156
1922,11,-0.25,-2.7399999999999998,0.05074712643678156
1923,11,-0.27,-3.3099999999999996,0.05074712643678156
1924,11,-0.22,-1.9,0.05074712643678156
1925,11,-0.22,-3.2600000000000002,0.05074712643678156
1926,11,-0.06,0.21000000000000002,0.05074712643678156
1927,11,-0.16,-2.43,0.05074712643678156
1928,11,-0.16,-1.66,0.05074712643678156
1929,11,-0.31,-3.91,0.05074712643678156
1930,11,-0.12,-2.2199999999999998,0.05074712643678156
1931,11,-0.05,-0.81,0.05074712643678156
1932,11,-0.12,-0.73,0.05074712643678156
1933,11,-0.23,-2.37,0.05074712643678156
1934,11,-0.11,-1.89,0.05074712643678156
1935,11,-0.16,-1.9099999999999997,0.05074712643678156
1936,11,-0.12,-2.1599999999999997,0.05074712643678156
1937,11,0.0,-0.6100000000000001,0.05074712643678156
1938,11,0.02,0.26,0.05074712643678156
1939,11,-0.03,-0.7100000000000001,0.05074712643678156
1940,11,0.14,1.54,0.05074712643678156
1941,11,0.22,2.4200000000000004,0.05074712643678156
1942,11,0.09,1.5100000000000005,0.05074712643678156
1943,11,0.06,0.32,0.05074712643678156
1944,11,0.25,2.9699999999999998,0.05074712643678156
1945,11,0.17,1.7799999999999998,0.05074712643678156
1946,11,-0.03,0.33999999999999986,0.05074712643678156
1947,11,0.01,0.25,0.05074712643678156
1948,11,-0.05,-0.5700000000000001,0.05074712643678156
1949,11,-0.06,-0.22,0.05074712643678156
1950,11,-0.12,-1.5000000000000004,0.05074712643678156
1951,11,-0.05,-1.9400000000000002,0.05074712643678156
1952,11,0.05,0.8600000000000003,0.05074712643678156
1953,11,0.11,1.5200000000000002,0.05074712643678156
1954,11,-0.09,-1.3200000000000003,0.05074712643678156
1955,11,-0.11,-0.97,0.05074712643678156
1956,11,-0.18,-1.7099999999999997,0.05074712643678156
1957,11,0.05,0.04999999999999999,0.05074712643678156
1958,11,0.09,1.9500000000000002,0.05074712643678156
1959,11,0.08,1.2700000000000002,0.05074712643678156
1960,11,-0.01,-0.06000000000000001,0.05074712643678156
1961,11,0.09,1.3200000000000003,0.05074712643678156
1962,11,0.06,0.8400000000000003,0.05074712643678156
1963,11,0.07,0.47000000000000003,0.05074712643678156
1964,11,-0.16,-1.46,0.05074712643678156
1965,11,-0.08,-1.1700000000000002,0.05074712643678156
1966,11,-0.03,-0.6200000000000001,0.05074712643678156
1967,11,0.0,-0.41000000000000003,0.05074712643678156
1968,11,-0.05,-0.8700000000000003,0.05074712643678156
1969,11,0.08,0.4000000000000001,0.05074712643678156
1970,11,0.07,1.2900000000000003,0.05074712643678156
1971,11,-0.06,-0.7600000000000002,0.05074712643678156
1972,11,0.04,-0.38000000000000006,0.05074712643678156
1973,11,0.21,3.0900000000000003,0.05074712643678156
1974,11,-0.05,-0.9100000000000001,0.05074712643678156
1975,11,0.02,0.81,0.05074712643678156
1976,11,-0.07,-0.77,0.05074712643678156
1977,11,0.21,2.6,0.05074712643678156
1978,11,0.1,1.3800000000000003,0.05074712643678156
1979,11,0.17,1.3699999999999999,0.05074712643678156
1980,11,0.32,3.979999999999999,0.05074712643678156
1981,11,0.34,4.51,0.05074712643678156
1982,11,0.15,1.4700000000000002,0.05074712643678156
1983,11,0.36,4.430000000000001,0.05074712643678156
1984,11,0.2,2.6200000000000006,0.05074712643678156
1985,11,0.15,1.9299999999999997,0.05074712643678156
1986,11,0.23,3.0600000000000005,0.05074712643678156
1987,11,0.33,3.59,0.05074712643678156
1988,11,0.41,5.24,0.05074712643678156
1989,11,0.27,2.6600000000000006,0.05074712643678156
1990,11,0.45,5.170000000000001,0.05074712643678156
1991,11,0.43,4.86,0.05074712643678156
1992,11,0.24,3.92,0.05074712643678156
1993,11,0.27,3.5700000000000003,0.05074712643678156
1994,11,0.32,2.87,0.05074712643678156
1995,11,0.5,5.98,0.05074712643678156
1996,11,0.35,3.9,0.05074712643678156
1997,11,0.48,4.38,0.05074712643678156
1998,11,0.64,7.43,0.05074712643678156
1999,11,0.41,4.920000000000001,0.05074712643678156
2000,11,0.42,4.85,0.05074712643678156
2001,11,0.54,5.540000000000001,0.05074712643678156
2002,11,0.63,7.34,0.05074712643678156
2003,11,0.62,6.930000000000001,0.05074712643678156
2004,11,0.56,6.529999999999999,0.05074712643678156
2005,11,0.69,7.6999999999999975,0.05074712643678156
2006,11,0.64,7.0299999999999985,0.05074712643678156
2007,11,0.66,8.149999999999999,0.05074712643678156
2008,11,0.54,4.97,0.05074712643678156
2009,11,0.66,6.840000000000001,0.05074712643678156
2010,11,0.76,8.73,0.05074712643678156
2011,11,0.62,6.53,0.05074712643678156
2012,11,0.67,6.57,0.05074712643678156
2013,11,0.68,7.210000000000001,0.05074712643678156
2014,11,0.75,8.1,0.05074712643678156
2015,11,0.89,9.47,0.05074712643678156
2016,11,1.04,12.740000000000002,0.05074712643678156
2017,11,0.94,10.999999999999998,0.05074712643678156
2018,11,0.86,9.449999999999998,0.05074712643678156
2019,11,0.97,10.63,0.05074712643678156
2020,11,1.03,12.11,0.05074712643678156
2021,11,0.86,8.969999999999999,0.05074712643678156
2022,11,0.9,10.14,0.05074712643678156
2023,11,1.17,11.52,0.05074712643678156
1850,12,-0.19,-3.1900000000000004,0.051494252873563226
1851,12,-0.09,-1.7700000000000005,0.051494252873563226
1852,12,-0.05,-1.4900000000000002,0.051494252873563226
1853,12,-0.11,-1.7200000000000002,0.051494252873563226
1854,12,-0.07,-1.6400000000000006,0.051494252873563226
1855,12,-0.08,-0.9299999999999998,0.051494252873563226
1856,12,-0.15,-0.67,0.051494252873563226
1857,12,-0.2,-2.710000000000001,0.051494252873563226
1858,12,-0.19,-2.2199999999999998,0.051494252873563226
1859,12,-0.06,-0.9400000000000002,0.051494252873563226
1860,12,-0.24,-2.41,0.051494252873563226
1861,12,-0.3,-4.95,0.051494252873563226
1862,12,-0.36,-4.859999999999999,0.051494252873563226
1863,12,-0.22,-2.37,0.051494252873563226
1864,12,-0.21,-2.8099999999999996,0.051494252873563226
1865,12,-0.09,-1.12,0.051494252873563226
1866,12,-0.11,-0.94,0.051494252873563226
1867,12,-0.19,-2.81,0.051494252873563226
1868,12,-0.14,-2.4099999999999997,0.051494252873563226
1869,12,-0.06,-0.22,0.051494252873563226
1870,12,-0.16,-1.89,0.051494252873563226
1871,12,-0.16,-2.24,0.051494252873563226
1872,12,-0.19,-2.57,0.051494252873563226
1873,12,-0.2,-2.8100000000000005,0.051494252873563226
1874,12,-0.23,-2.97,0.051494252873563226
1875,12,-0.22,-2.0999999999999996,0.051494252873563226
1876,12,-0.24,-3.2200000000000006,0.051494252873563226
1877,12,0.12,0.27,0.051494252873563226
1878,12,0.12,2.1799999999999997,0.051494252873563226
1879,12,-0.14,-1.13,0.051494252873563226
1880,12,-0.18,-2.7100000000000004,0.051494252873563226
1881,12,-0.1,-0.9499999999999998,0.051494252873563226
1882,12,-0.16,-0.9400000000000001,0.051494252873563226
1883,12,-0.19,-2.2699999999999996,0.051494252873563226
1884,12,-0.3,-3.3699999999999997,0.051494252873563226
1885,12,-0.29,-4.069999999999999,0.051494252873563226
1886,12,-0.28,-3.7300000000000004,0.051494252873563226
1887,12,-0.34,-5.059999999999999,0.051494252873563226
1888,12,-0.1,-2.17,0.051494252873563226
1889,12,-0.05,0.6799999999999999,0.051494252873563226
1890,12,-0.34,-4.069999999999999,0.051494252873563226
1891,12,-0.22,-3.200000000000001,0.051494252873563226
1892,12,-0.26,-2.63,0.051494252873563226
1893,12,-0.33,-4.76,0.051494252873563226
1894,12,-0.33,-4.81,0.051494252873563226
1895,12,-0.22,-3.2100000000000004,0.051494252873563226
1896,12,-0.11,-1.91,0.051494252873563226
1897,12,-0.09,-1.17,0.051494252873563226
1898,12,-0.26,-3.1899999999999995,0.051494252873563226
1899,12,-0.15,-2.8400000000000003,0.051494252873563226
1900,12,-0.05,-1.0500000000000003,0.051494252873563226
1901,12,-0.11,-1.0799999999999998,0.051494252873563226
1902,12,-0.22,-2.2199999999999998,0.051494252873563226
1903,12,-0.36,-3.3799999999999994,0.051494252873563226
1904,12,-0.43,-5.91,0.051494252873563226
1905,12,-0.25,-3.46,0.051494252873563226
1906,12,-0.16,-2.26,0.051494252873563226
1907,12,-0.34,-4.2,0.051494252873563226
1908,12,-0.41,-4.92,0.051494252873563226
1909,12,-0.42,-5.890000000000001,0.051494252873563226
1910,12,-0.37,-4.41,0.051494252873563226
1911,12,-0.4,-5.98,0.051494252873563226
1912,12,-0.33,-3.4000000000000004,0.051494252873563226
1913,12,-0.32,-4.41,0.051494252873563226
1914,12,-0.14,-1.79,0.051494252873563226
1915,12,-0.08,-0.7000000000000001,0.051494252873563226
1916,12,-0.3,-2.4099999999999997,0.051494252873563226
1917,12,-0.43,-6.009999999999999,0.051494252873563226
1918,12,-0.3,-4.699999999999999,0.051494252873563226
1919,12,-0.23,-2.12,0.051494252873563226
1920,12,-0.23,-2.4099999999999997,0.051494252873563226
1921,12,-0.16,-2.28,0.051494252873563226
1922,12,-0.23,-2.9699999999999998,0.051494252873563226
1923,12,-0.25,-3.5599999999999996,0.051494252873563226
1924,12,-0.23,-2.13,0.051494252873563226
1925,12,-0.2,-3.4600000000000004,0.051494252873563226
1926,12,-0.07,0.14,0.051494252873563226
1927,12,-0.17,-2.6,0.051494252873563226
1928,12,-0.16,-1.8199999999999998,0.051494252873563226
1929,12,-0.32,-4.23,0.051494252873563226
1930,12,-0.11,-2.3299999999999996,0.051494252873563226
1931,12,-0.05,-0.8600000000000001,0.051494252873563226
1932,12,-0.12,-0.85,0.051494252873563226
1933,12,-0.24,-2.6100000000000003,0.051494252873563226
1934,12,-0.1,-1.99,0.051494252873563226
1935,12,-0.15,-2.0599999999999996,0.051494252873563226
1936,12,-0.11,-2.2699999999999996,0.051494252873563226
1937,12,-0.01,-0.6200000000000001,0.051494252873563226
1938,12,0.01,0.27,0.051494252873563226
1939,12,0.02,-0.6900000000000001,0.051494252873563226
1940,12,0.15,1.69,0.051494252873563226
1941,12,0.23,2.6500000000000004,0.051494252873563226
1942,12,0.09,1.6000000000000005,0.051494252873563226
1943,12,0.08,0.4,0.051494252873563226
1944,12,0.24,3.21,0.051494252873563226
1945,12,0.15,1.9299999999999997,0.051494252873563226
1946,12,-0.04,0.2999999999999999,0.051494252873563226
1947,12,0.0,0.25,0.051494252873563226
1948,12,-0.07,-0.6400000000000001,0.051494252873563226
1949,12,-0.06,-0.28,0.051494252873563226
1950,12,-0.13,-1.6300000000000003,0.051494252873563226
1951,12,-0.03,-1.9700000000000002,0.051494252873563226
1952,12,0.05,0.9100000000000004,0.051494252873563226
1953,12,0.1,1.6200000000000003,0.051494252873563226
1954,12,-0.09,-1.4100000000000004,0.051494252873563226
1955,12,-0.12,-1.0899999999999999,0.051494252873563226
1956,12,-0.16,-1.8699999999999997,0.051494252873563226
1957,12,0.06,0.10999999999999999,0.051494252873563226
1958,12,0.09,2.04,0.051494252873563226
1959,12,0.07,1.3400000000000003,0.051494252873563226
1960,12,0.01,-0.05000000000000001,0.051494252873563226
1961,12,0.08,1.4000000000000004,0.051494252873563226
1962,12,0.05,0.8900000000000003,0.051494252873563226
1963,12,0.07,0.54,0.051494252873563226
1964,12,-0.17,-1.63,0.051494252873563226
1965,12,-0.08,-1.2500000000000002,0.051494252873563226
1966,12,-0.03,-0.6500000000000001,0.051494252873563226
1967,12,0.01,-0.4,0.051494252873563226
1968,12,-0.05,-0.9200000000000004,0.051494252873563226
1969,12,0.1,0.5000000000000001,0.051494252873563226
1970,12,0.05,1.3400000000000003,0.051494252873563226
1971,12,-0.06,-0.8200000000000003,0.051494252873563226
1972,12,0.06,-0.32000000000000006,0.051494252873563226
1973,12,0.19,3.2800000000000002,0.051494252873563226
1974,12,-0.05,-0.9600000000000002,0.051494252873563226
1975,12,0.01,0.8200000000000001,0.051494252873563226
1976,12,-0.05,-0.8200000000000001,0.051494252873563226
1977,12,0.2,2.8000000000000003,0.051494252873563226
1978,12,0.1,1.4800000000000004,0.051494252873563226
1979,12,0.2,1.5699999999999998,0.051494252873563226
1980,12,0.31,4.289999999999999,0.051494252873563226
1981,12,0.35,4.859999999999999,0.051494252873563226
1982,12,0.17,1.6400000000000001,0.051494252873563226
1983,12,0.35,4.78,0.051494252873563226
1984,12,0.19,2.8100000000000005,0.051494252873563226
1985,12,0.16,2.09,0.051494252873563226
1986,12,0.22,3.2800000000000007,0.051494252873563226
1987,12,0.34,3.9299999999999997,0.051494252873563226
1988,12,0.4,5.640000000000001,0.051494252873563226
1989,12,0.28,2.9400000000000004,0.051494252873563226
1990,12,0.45,5.620000000000001,0.051494252873563226
1991,12,0.42,5.28,0.051494252873563226
1992,12,0.24,4.16,0.051494252873563226
1993,12,0.27,3.8400000000000003,0.051494252873563226
1994,12,0.33,3.2,0.051494252873563226
1995,12,0.48,6.460000000000001,0.051494252873563226
1996,12,0.35,4.25,0.051494252873563226
1997,12,0.49,4.87,0.051494252873563226
1998,12,0.63,8.06,0.051494252873563226
1999,12,0.41,5.330000000000001,0.051494252873563226
2000,12,0.41,5.26,0.051494252873563226
2001,12,0.55,6.090000000000001,0.051494252873563226
2002,12,0.62,7.96,0.051494252873563226
2003,12,0.63,7.5600000000000005,0.051494252873563226
2004,12,0.56,7.09,0.051494252873563226
2005,12,0.7,8.399999999999997,0.051494252873563226
2006,12,0.66,7.689999999999999,0.051494252873563226
2007,12,0.65,8.799999999999999,0.051494252873563226
2008,12,0.54,5.51,0.051494252873563226
2009,12,0.67,7.510000000000001,0.051494252873563226
2010,12,0.74,9.47,0.051494252873563226
2011,12,0.61,7.140000000000001,0.051494252873563226
2012,12,0.65,7.220000000000001,0.051494252873563226
2013,12,0.68,7.890000000000001,0.051494252873563226
2014,12,0.75,8.85,0.051494252873563226
2015,12,0.91,10.38,0.051494252873563226
2016,12,1.03,13.770000000000001,0.051494252873563226
2017,12,0.94,11.939999999999998,0.051494252873563226
2018,12,0.87,10.319999999999997,0.051494252873563226
2019,12,0.98,11.610000000000001,0.051494252873563226
2020,12,1.01,13.12,0.051494252873563226
2021,12,0.86,9.829999999999998,0.051494252873563226
2022,12,0.9,11.040000000000001,0.051494252873563226
2023,12,1.19,12.709999999999999,0.051494252873563226
